/*
 Navicat Premium Data Transfer

 Source Server         : localhost
 Source Server Type    : MySQL
 Source Server Version : 50710
 Source Host           : localhost
 Source Database       : youkehui-erp-study

 Target Server Type    : MySQL
 Target Server Version : 50710
 File Encoding         : utf-8

 Date: 06/01/2017 23:09:43 PM
*/

SET NAMES utf8;
SET FOREIGN_KEY_CHECKS = 0;

-- ----------------------------
--  Table structure for `goods`
-- ----------------------------
DROP TABLE IF EXISTS `goods`;
CREATE TABLE `goods` (
  `id` int(10) unsigned NOT NULL AUTO_INCREMENT COMMENT 'ID',
  `name` varchar(255) NOT NULL COMMENT '商品名称',
  `category_id` int(10) unsigned NOT NULL DEFAULT '0' COMMENT '分类id',
  `small_picture` varchar(255) NOT NULL DEFAULT '' COMMENT '小图',
  `medium_picture` varchar(255) NOT NULL DEFAULT '' COMMENT '中图',
  `large_picture` varchar(255) NOT NULL DEFAULT '' COMMENT '大图',
  `spell_code` varchar(255) NOT NULL COMMENT '拼音编码',
  `spec` varchar(64) NOT NULL COMMENT '规格',
  `unit` varchar(64) NOT NULL COMMENT '单位',
  `ingredient` varchar(1024) NOT NULL COMMENT '原料',
  `cost_price` float(10,2) unsigned NOT NULL DEFAULT '0.00' COMMENT '成本价',
  `sale_price` float(10,2) unsigned NOT NULL DEFAULT '0.00' COMMENT '售价',
  `seq` int(10) unsigned NOT NULL DEFAULT '0' COMMENT '排序值',
  `provider_id` int(10) unsigned NOT NULL DEFAULT '0' COMMENT '供应商id',
  `about` text COMMENT '简介',
  `group_code` varchar(64) NOT NULL DEFAULT 'product' COMMENT '商品组别',
  `owner_id` int(10) unsigned NOT NULL DEFAULT '0' COMMENT '所属用户id',
  `owner_region_id` int(10) unsigned NOT NULL DEFAULT '0' COMMENT '所属区域id',
  `created_time` int(10) unsigned NOT NULL DEFAULT '0' COMMENT '创建时间',
  `updated_time` int(10) unsigned NOT NULL DEFAULT '0' COMMENT '最后更新时间',
  `is_deleted` tinyint(1) NOT NULL DEFAULT '0' COMMENT '是否删除',
  PRIMARY KEY (`id`)
) ENGINE=InnoDB AUTO_INCREMENT=13 DEFAULT CHARSET=utf8 ROW_FORMAT=DYNAMIC COMMENT='商品表';

-- ----------------------------
--  Records of `goods`
-- ----------------------------
BEGIN;
INSERT INTO `goods` VALUES ('8', '椰奶甜酒冻', '6', 'public://default/2017/04-16/2017416105743-86h66c_small.jpg', 'public://default/2017/04-16/2017416105743-86h66c_medium.jpg', 'public://default/2017/04-16/2017416105743-86h66c_large.jpg', 'yenaitianjiudong', '50ml', '个', '椰奶 甜酒', '1.60', '1.70', '0', '3', '', 'product', '1', '0', '1491469554', '1493124225', '0'), ('9', '桌子', '35', '', '', '', 'zhuozi', '1.2米', '张', '', '17.50', '0.00', '0', '0', '', 'facility', '1', '0', '1491783485', '1492934571', '0'), ('10', '产品2', '6', '', '', '', 'chanpin2', '通用', '个', '', '0.00', '1.00', '0', '4', '', 'product', '1', '2', '1492357435', '1493314487', '0'), ('12', '啊发顺丰', '45', '', '', '', 'afashunfeng', 'af', 'af', '', '0.00', '0.00', '0', '4', '', 'product', '1', '2', '1493878120', '1493878120', '0');
COMMIT;

-- ----------------------------
--  Table structure for `goods_category`
-- ----------------------------
DROP TABLE IF EXISTS `goods_category`;
CREATE TABLE `goods_category` (
  `id` int(10) unsigned NOT NULL AUTO_INCREMENT COMMENT 'ID',
  `name` varchar(255) NOT NULL COMMENT '分类名称',
  `parent_id` int(10) unsigned NOT NULL DEFAULT '0' COMMENT '上级id',
  `group_code` varchar(64) NOT NULL DEFAULT 'product' COMMENT '商品组别',
  `seq` int(10) unsigned NOT NULL DEFAULT '0' COMMENT '排序值',
  `depth` tinyint(1) unsigned NOT NULL DEFAULT '0' COMMENT '层级',
  `owner_id` int(10) unsigned NOT NULL DEFAULT '0' COMMENT '所属用户id',
  PRIMARY KEY (`id`)
) ENGINE=InnoDB AUTO_INCREMENT=47 DEFAULT CHARSET=utf8 ROW_FORMAT=DYNAMIC COMMENT='商品分类表';

-- ----------------------------
--  Records of `goods_category`
-- ----------------------------
BEGIN;
INSERT INTO `goods_category` VALUES ('1', '食品', '0', 'product', '0', '1', '1'), ('2', '饮料', '0', 'product', '0', '1', '1'), ('6', '小甜品', '1', 'product', '0', '2', '1'), ('7', '酒类', '2', 'product', '0', '2', '1'), ('8', '碳酸饮料', '2', 'product', '0', '2', '1'), ('35', '餐具', '0', 'facility', '0', '1', '1'), ('42', '水果', '0', 'product', '0', '1', '1'), ('43', '场地设备', '0', 'facility', '0', '1', '1'), ('44', '小吃', '1', 'product', '0', '2', '1'), ('45', '蛋糕', '1', 'product', '0', '2', '1'), ('46', '冷盘', '1', 'product', '0', '2', '1');
COMMIT;

-- ----------------------------
--  Table structure for `log`
-- ----------------------------
DROP TABLE IF EXISTS `log`;
CREATE TABLE `log` (
  `id` int(10) unsigned NOT NULL AUTO_INCREMENT,
  `user_id` int(10) unsigned NOT NULL DEFAULT '0',
  `module` varchar(32) NOT NULL,
  `action` varchar(32) NOT NULL,
  `message` text NOT NULL,
  `data` text,
  `ip` varchar(255) NOT NULL,
  `created_time` int(10) unsigned NOT NULL,
  `level` char(10) NOT NULL,
  PRIMARY KEY (`id`),
  KEY `user_id` (`user_id`)
) ENGINE=InnoDB AUTO_INCREMENT=265 DEFAULT CHARSET=utf8 ROW_FORMAT=DYNAMIC COMMENT='系统日志';

-- ----------------------------
--  Records of `log`
-- ----------------------------
BEGIN;
INSERT INTO `log` VALUES ('1', '1', 'stock', 'update', '更新库存(#1)', '{\"id\":\"1\",\"goods_id\":\"8\",\"group_code\":\"product\",\"category_id\":\"6\",\"provider_id\":\"3\",\"amount\":\"240\",\"seq\":\"0\",\"owner_id\":\"1\",\"is_deleted\":\"0\",\"created_time\":\"1491469554\"}', '', '1492354664', 'info'), ('2', '1', 'goods', 'update', '更新产品-椰奶甜酒冻(#8)资料', '{\"id\":\"8\",\"name\":\"椰奶甜酒冻\",\"category_id\":\"6\",\"small_picture\":\"public:\\/\\/default\\/2017\\/04-16\\/2017416105743-86h66c_small.jpg\",\"medium_picture\":\"public:\\/\\/default\\/2017\\/04-16\\/2017416105743-86h66c_medium.jpg\",\"large_picture\":\"public:\\/\\/default\\/2017\\/04-16\\/2017416105743-86h66c_large.jpg\",\"spell_code\":\"yenaitianjiudong\",\"spec\":\"50ml\",\"unit\":\"个\",\"ingredient\":\"椰奶 甜酒\",\"cost_price\":\"1.60\",\"sale_price\":\"1.70\",\"seq\":\"0\",\"provider_id\":\"3\",\"about\":\"\",\"group_code\":\"product\",\"owner_id\":\"1\",\"owner_region_id\":\"0\",\"created_time\":\"1491469554\",\"updated_time\":\"1492354664\",\"is_deleted\":\"0\"}', '', '1492354664', 'info'), ('3', '1', 'stock', 'update', '更新库存(#1)', '{\"id\":\"1\",\"goods_id\":\"8\",\"name\":\"椰奶甜酒冻\",\"group_code\":\"product\",\"category_id\":\"6\",\"provider_id\":\"3\",\"amount\":\"240\",\"seq\":\"0\",\"owner_id\":\"1\",\"is_deleted\":\"0\",\"created_time\":\"1491469554\"}', '', '1492355788', 'info'), ('4', '1', 'goods', 'update', '更新产品-椰奶甜酒冻1(#8)资料', '{\"id\":\"8\",\"name\":\"椰奶甜酒冻1\",\"category_id\":\"6\",\"small_picture\":\"public:\\/\\/default\\/2017\\/04-16\\/2017416105743-86h66c_small.jpg\",\"medium_picture\":\"public:\\/\\/default\\/2017\\/04-16\\/2017416105743-86h66c_medium.jpg\",\"large_picture\":\"public:\\/\\/default\\/2017\\/04-16\\/2017416105743-86h66c_large.jpg\",\"spell_code\":\"yenaitianjiudong1\",\"spec\":\"50ml\",\"unit\":\"个\",\"ingredient\":\"椰奶 甜酒\",\"cost_price\":\"1.60\",\"sale_price\":\"1.70\",\"seq\":\"0\",\"provider_id\":\"3\",\"about\":\"\",\"group_code\":\"product\",\"owner_id\":\"1\",\"owner_region_id\":\"0\",\"created_time\":\"1491469554\",\"updated_time\":\"1492355788\",\"is_deleted\":\"0\"}', '', '1492355788', 'info'), ('5', '1', 'stock', 'update', '更新库存(#1)', '{\"id\":\"1\",\"goods_id\":\"8\",\"name\":\"椰奶甜酒冻2\",\"group_code\":\"product\",\"category_id\":\"6\",\"provider_id\":\"3\",\"amount\":\"240\",\"seq\":\"0\",\"owner_id\":\"1\",\"is_deleted\":\"0\",\"created_time\":\"1491469554\"}', '', '1492355816', 'info'), ('6', '1', 'goods', 'update', '更新产品-椰奶甜酒冻2(#8)资料', '{\"id\":\"8\",\"name\":\"椰奶甜酒冻2\",\"category_id\":\"6\",\"small_picture\":\"public:\\/\\/default\\/2017\\/04-16\\/2017416105743-86h66c_small.jpg\",\"medium_picture\":\"public:\\/\\/default\\/2017\\/04-16\\/2017416105743-86h66c_medium.jpg\",\"large_picture\":\"public:\\/\\/default\\/2017\\/04-16\\/2017416105743-86h66c_large.jpg\",\"spell_code\":\"yenaitianjiudong2\",\"spec\":\"50ml\",\"unit\":\"个\",\"ingredient\":\"椰奶 甜酒\",\"cost_price\":\"1.60\",\"sale_price\":\"1.70\",\"seq\":\"0\",\"provider_id\":\"3\",\"about\":\"\",\"group_code\":\"product\",\"owner_id\":\"1\",\"owner_region_id\":\"0\",\"created_time\":\"1491469554\",\"updated_time\":\"1492355816\",\"is_deleted\":\"0\"}', '', '1492355816', 'info'), ('7', '1', 'stock', 'update', '更新库存(#1)', '{\"id\":\"1\",\"goods_id\":\"8\",\"name\":\"椰奶甜酒冻\",\"group_code\":\"product\",\"category_id\":\"6\",\"provider_id\":\"3\",\"amount\":\"240\",\"seq\":\"0\",\"owner_id\":\"1\",\"is_deleted\":\"0\",\"created_time\":\"1491469554\"}', '', '1492355824', 'info'), ('8', '1', 'goods', 'update', '更新产品-椰奶甜酒冻(#8)资料', '{\"id\":\"8\",\"name\":\"椰奶甜酒冻\",\"category_id\":\"6\",\"small_picture\":\"public:\\/\\/default\\/2017\\/04-16\\/2017416105743-86h66c_small.jpg\",\"medium_picture\":\"public:\\/\\/default\\/2017\\/04-16\\/2017416105743-86h66c_medium.jpg\",\"large_picture\":\"public:\\/\\/default\\/2017\\/04-16\\/2017416105743-86h66c_large.jpg\",\"spell_code\":\"yenaitianjiudong\",\"spec\":\"50ml\",\"unit\":\"个\",\"ingredient\":\"椰奶 甜酒\",\"cost_price\":\"1.60\",\"sale_price\":\"1.70\",\"seq\":\"0\",\"provider_id\":\"3\",\"about\":\"\",\"group_code\":\"product\",\"owner_id\":\"1\",\"owner_region_id\":\"0\",\"created_time\":\"1491469554\",\"updated_time\":\"1492355824\",\"is_deleted\":\"0\"}', '', '1492355824', 'info'), ('9', '1', 'goods', 'delete', '删除设备-桌子(#9)', '', '', '1492355874', 'info'), ('10', '1', 'goods', 'create', '添加产品-产品2(#10)', '{\"id\":\"10\",\"name\":\"产品2\",\"category_id\":\"6\",\"small_picture\":\"\",\"medium_picture\":\"\",\"large_picture\":\"\",\"spell_code\":\"chanpin2\",\"spec\":\"通用\",\"unit\":\"个\",\"ingredient\":\"\",\"cost_price\":\"0.00\",\"sale_price\":\"1.00\",\"seq\":\"0\",\"provider_id\":\"2\",\"about\":\"\",\"group_code\":\"product\",\"owner_id\":\"1\",\"owner_region_id\":\"2\",\"created_time\":\"1492357435\",\"updated_time\":\"1492357435\",\"is_deleted\":\"0\"}', '', '1492357435', 'info'), ('11', '1', 'goods', 'delete', '删除产品-椰奶甜酒冻(#8)', '', '', '1492359363', 'info'), ('12', '1', 'goods', 'delete', '删除产品-产品2(#10)', '', '', '1492359363', 'info'), ('13', '1', 'goods', 'undelete', '回收产品-椰奶甜酒冻(#8)', '', '', '1492359438', 'info'), ('14', '1', 'goods', 'undelete', '回收产品-产品2(#10)', '', '', '1492359441', 'info'), ('15', '1', 'goods-set', 'create', '新增套餐-套餐1(#1)', '{\"id\":\"1\",\"name\":\"套餐1\",\"code\":\"taocan1\",\"sale_price\":\"0.00\",\"original_price\":\"27.00\",\"seq\":\"0\",\"status\":\"0\",\"about\":\"凄凄切切\",\"owner_id\":\"1\",\"created_time\":\"1492421104\",\"updated_time\":\"1492421104\"}', '', '1492421104', 'info'), ('16', '1', 'goods-set', 'disable', '禁用套餐-套餐1(#1)', '', '', '1492421196', 'info'), ('17', '1', 'goods-set', 'enable', '启用套餐-套餐1(#1)', '', '', '1492421198', 'info'), ('18', '1', 'stock', 'update', '更新库存(#1)', '{\"id\":\"1\",\"goods_id\":\"8\",\"name\":\"椰奶甜酒冻\",\"group_code\":\"product\",\"category_id\":\"6\",\"provider_id\":\"3\",\"amount\":\"240\",\"seq\":\"0\",\"owner_id\":\"1\",\"is_deleted\":\"0\",\"created_time\":\"1491469554\"}', '', '1492421579', 'info'), ('19', '1', 'goods', 'update', '更新产品-椰奶甜酒冻(#8)资料', '{\"id\":\"8\",\"name\":\"椰奶甜酒冻\",\"category_id\":\"6\",\"small_picture\":\"public:\\/\\/default\\/2017\\/04-16\\/2017416105743-86h66c_small.jpg\",\"medium_picture\":\"public:\\/\\/default\\/2017\\/04-16\\/2017416105743-86h66c_medium.jpg\",\"large_picture\":\"public:\\/\\/default\\/2017\\/04-16\\/2017416105743-86h66c_large.jpg\",\"spell_code\":\"yenaitianjiudong\",\"spec\":\"50ml\",\"unit\":\"个\",\"ingredient\":\"椰奶 甜酒\",\"cost_price\":\"1.60\",\"sale_price\":\"1.70\",\"seq\":\"0\",\"provider_id\":\"3\",\"about\":\"\",\"group_code\":\"product\",\"owner_id\":\"1\",\"owner_region_id\":\"0\",\"created_time\":\"1491469554\",\"updated_time\":\"1492421579\",\"is_deleted\":\"0\"}', '', '1492421579', 'info'), ('20', '1', 'goods-set', 'update', '更新套餐-套餐1(#1)', '{\"id\":\"1\",\"name\":\"套餐1\",\"code\":\"taocan1\",\"sale_price\":\"1.00\",\"original_price\":\"27.00\",\"seq\":\"0\",\"status\":\"0\",\"about\":\"凄凄切切\",\"owner_id\":\"1\",\"created_time\":\"1492421104\",\"updated_time\":\"1492422256\"}', '', '1492422256', 'info'), ('21', '1', 'goods-set', 'update', '更新套餐-套餐1(#1)', '{\"id\":\"1\",\"name\":\"套餐1\",\"code\":\"taocan1\",\"sale_price\":\"1.00\",\"original_price\":\"27.00\",\"seq\":\"0\",\"status\":\"0\",\"about\":\"凄凄切切\",\"owner_id\":\"1\",\"created_time\":\"1492421104\",\"updated_time\":\"1492422284\"}', '', '1492422284', 'info'), ('22', '1', 'user', 'create', '新增供应商-哈哈哈(#6)', '{\"id\":\"6\",\"nickname\":\"哈哈哈\",\"type\":\"provider\",\"mobile\":\"13899988876\",\"email\":\"wq@zzz.com\",\"small_avatar\":\"\",\"medium_avatar\":\"\",\"large_avatar\":\"\",\"region_id\":\"2\",\"parent_id\":\"1\",\"about\":null,\"company_name\":\"杭州xx公司\",\"company_address\":\"公司地址公司地址公司地址\",\"roles\":[\"ROLE_USER\"],\"locked\":\"0\",\"new_notification_num\":\"0\",\"created_ip\":\"\",\"created_time\":\"1492425581\",\"updated_time\":\"1492425581\",\"login_time\":\"0\",\"login_ip\":\"\"}', '', '1492425581', 'info'), ('23', '1', 'user', 'update', '更新供应商-哈哈哈(#6)资料', '{\"id\":\"6\",\"nickname\":\"哈哈哈\",\"type\":\"provider\",\"mobile\":\"13899988876\",\"email\":\"wq@zzz.com\",\"small_avatar\":\"\",\"medium_avatar\":\"\",\"large_avatar\":\"\",\"region_id\":\"2\",\"parent_id\":\"1\",\"about\":null,\"company_name\":\"杭州xx公司\",\"company_address\":\"公司地址公司地址公司地址111\",\"roles\":[\"ROLE_USER\"],\"locked\":\"0\",\"new_notification_num\":\"0\",\"created_ip\":\"\",\"created_time\":\"1492425581\",\"updated_time\":\"1492425745\",\"login_time\":\"0\",\"login_ip\":\"\"}', '', '1492425745', 'info'), ('24', '1', 'user', 'delete', '删除供应商-哈哈哈(#6)', '', '', '1492425750', 'info'), ('25', '1', 'goods-set', 'disable', '禁用套餐-套餐1(#1)', '', '', '1492427525', 'info'), ('26', '1', 'goods-set', 'disable', '禁用套餐-套餐1(#1)', '', '', '1492427531', 'info'), ('27', '1', 'goods-set', 'enable', '启用套餐-套餐1(#1)', '', '', '1492427533', 'info'), ('28', '1', 'region', 'create', '新增区域-北京(#3)', '{\"id\":\"3\",\"name\":\"北京\",\"parent_id\":\"0\",\"seq\":\"0\",\"depth\":\"1\"}', '', '1492429530', 'info'), ('29', '1', 'region', 'create', '新增区域-温州(#4)', '{\"id\":\"4\",\"name\":\"温州\",\"parent_id\":\"1\",\"seq\":\"0\",\"depth\":\"2\"}', '', '1492429542', 'info'), ('30', '1', 'user', 'create', '新增加盟商-阿斯蒂芬(#7)', '{\"id\":\"7\",\"nickname\":\"阿斯蒂芬\",\"type\":\"alias\",\"mobile\":\"11111111111\",\"email\":\"\",\"small_avatar\":\"\",\"medium_avatar\":\"\",\"large_avatar\":\"\",\"region_id\":\"2\",\"parent_id\":\"0\",\"about\":null,\"company_name\":\"阿斯蒂芬\",\"company_address\":\"\",\"roles\":[\"ROLE_ADMIN\"],\"locked\":\"0\",\"new_notification_num\":\"0\",\"created_ip\":\"\",\"created_time\":\"1492443818\",\"updated_time\":\"1492443818\",\"login_time\":\"0\",\"login_ip\":\"\"}', '', '1492443818', 'info'), ('31', '1', 'user', 'create', '新增子账户-默认销售员(#8)', '{\"id\":\"8\",\"nickname\":\"默认销售员\",\"type\":\"alias-subuser\",\"mobile\":\"\",\"email\":\"\",\"small_avatar\":\"\",\"medium_avatar\":\"\",\"large_avatar\":\"\",\"region_id\":\"2\",\"parent_id\":\"7\",\"about\":null,\"company_name\":\"阿斯蒂芬\",\"company_address\":\"\",\"roles\":[\"ROLE_SALESMAN\"],\"locked\":\"0\",\"new_notification_num\":\"0\",\"created_ip\":\"\",\"created_time\":\"1492443818\",\"updated_time\":\"1492443818\",\"login_time\":\"0\",\"login_ip\":\"\"}', '', '1492443818', 'info'), ('32', '1', 'user', 'update', '更新加盟商-阿斯蒂芬(#7)资料', '{\"id\":\"7\",\"nickname\":\"阿斯蒂芬\",\"type\":\"alias\",\"mobile\":\"11111111111\",\"email\":\"\",\"small_avatar\":\"\",\"medium_avatar\":\"\",\"large_avatar\":\"\",\"region_id\":\"2\",\"parent_id\":\"0\",\"about\":null,\"company_name\":\"阿斯蒂芬\",\"company_address\":\"sadfasdf\",\"roles\":[\"ROLE_ADMIN\"],\"locked\":\"0\",\"new_notification_num\":\"0\",\"created_ip\":\"\",\"created_time\":\"1492443818\",\"updated_time\":\"1492443858\",\"login_time\":\"0\",\"login_ip\":\"\"}', '', '1492443858', 'info'), ('33', '1', 'user', 'disable', '禁用账户-admin(#1)', '', '', '1492443876', 'info'), ('34', '1', 'user', 'disable', '禁用账户-阿斯蒂芬(#7)', '', '', '1492443956', 'info'), ('35', '1', 'user', 'enable', '启用账户-阿斯蒂芬(#7)', '', '', '1492443960', 'info'), ('36', '1', 'user', 'disable', '禁用账户-阿斯蒂芬(#7)', '', '', '1492444032', 'info'), ('37', '1', 'user', 'disable', '禁用账户-admin(#1)', '', '', '1492444032', 'info'), ('38', '1', 'user', 'disable', '禁用账户-阿斯蒂芬(#7)', '', '', '1492444063', 'info'), ('39', '1', 'user', 'enable', '启用账户-阿斯蒂芬(#7)', '', '', '1492444066', 'info'), ('40', '1', 'user', 'disable', '禁用账户-admin(#1)', '', '', '1492444072', 'info'), ('41', '1', 'goods-set', 'create', '新增套餐-asdfasdf(#2)', '{\"id\":\"2\",\"name\":\"asdfasdf\",\"code\":\"asdfasdf\",\"sale_price\":\"1.00\",\"original_price\":\"1.00\",\"seq\":\"0\",\"status\":\"0\",\"about\":\"\",\"owner_id\":\"1\",\"created_time\":\"1492444120\",\"updated_time\":\"1492444120\"}', '', '1492444120', 'info'), ('42', '1', 'goods-set', 'disable', '禁用套餐-asdfasdf(#2)', '', '', '1492444125', 'info'), ('43', '1', 'goods-set', 'disable', '禁用套餐-套餐1(#1)', '', '', '1492444126', 'info'), ('44', '1', 'goods-set', 'enable', '启用套餐-套餐1(#1)', '', '', '1492444131', 'info'), ('45', '1', 'goods-set', 'enable', '启用套餐-套餐1(#1)', '', '', '1492444131', 'info'), ('46', '1', 'goods-set', 'enable', '启用套餐-asdfasdf(#2)', '', '', '1492444135', 'info'), ('47', '1', 'goods-set', 'disable', '禁用套餐-套餐1(#1)', '', '', '1492444135', 'info'), ('48', '1', 'goods-set', 'enable', '启用套餐-套餐1(#1)', '', '', '1492444178', 'info'), ('49', '1', 'goods-set', 'disable', '禁用套餐-asdfasdf(#2)', '', '', '1492444178', 'info'), ('50', '1', 'goods-set', 'disable', '禁用套餐-套餐1(#1)', '', '', '1492444279', 'info'), ('51', '1', 'goods-set', 'disable', '禁用套餐-套餐1(#1)', '', '', '1492444279', 'info'), ('52', '1', 'goods-set', 'delete', '删除套餐-asdfasdf(#2)', '', '', '1492444296', 'info'), ('53', '1', 'goods-set', 'create', '新增套餐-sfasdf(#3)', '{\"id\":\"3\",\"name\":\"sfasdf\",\"code\":\"sfasdf\",\"sale_price\":\"1.00\",\"original_price\":\"1.00\",\"seq\":\"0\",\"status\":\"0\",\"about\":\"\",\"owner_id\":\"1\",\"created_time\":\"1492444304\",\"updated_time\":\"1492444304\"}', '', '1492444304', 'info'), ('54', '1', 'goods-set', 'enable', '启用套餐-套餐1(#1)', '', '', '1492444311', 'info'), ('55', '1', 'goods-set', 'disable', '禁用套餐-套餐1(#1)', '', '', '1492444316', 'info'), ('56', '1', 'goods-set', 'disable', '禁用套餐-sfasdf(#3)', '', '', '1492444322', 'info'), ('57', '1', 'goods-set', 'enable', '启用套餐-sfasdf(#3)', '', '', '1492444328', 'info'), ('58', '1', 'goods-set', 'enable', '启用套餐-sfasdf(#3)', '', '', '1492444328', 'info'), ('59', '1', 'custom', 'create', '新增客户-朗诗未来街区(#1)', '{\"id\":\"1\",\"name\":\"朗诗未来街区\",\"type\":\"company\",\"contact_name\":\"张三四\",\"contact_mobile\":\"13877778898\",\"contact_email\":\"\",\"address\":\"\",\"about\":\"\",\"salesman_id\":\"8\",\"owner_id\":\"1\",\"creator_id\":\"1\",\"created_time\":\"0\",\"updated_time\":\"0\"}', '', '1492445544', 'info'), ('60', '1', 'CustomVisitRecord', 'create', '新增对客户(#1)的拜访记录(#1)', '{\"id\":\"1\",\"custom_id\":\"1\",\"salesman_id\":\"8\",\"type\":\"weixin\",\"content\":\"阿斯顿发顺丰\",\"created_time\":\"1492445841\",\"updated_time\":\"1492445841\"}', '', '1492445841', 'info'), ('61', '1', 'CustomVisitRecord', 'create', '新增对客户(#1)的拜访记录(#2)', '{\"id\":\"2\",\"custom_id\":\"1\",\"salesman_id\":\"8\",\"type\":\"meet\",\"content\":\"撒大是大非\",\"created_time\":\"1492445854\",\"updated_time\":\"1492445854\"}', '', '1492445854', 'info'), ('62', '1', 'CustomVisitRecord', 'update', '更新对客户(#1)的拜访记录(#1)', '{\"id\":\"1\",\"custom_id\":\"1\",\"salesman_id\":\"8\",\"type\":\"weixin\",\"content\":\"阿斯顿发顺丰afasdf\",\"created_time\":\"1492445841\",\"updated_time\":\"1492446331\"}', '', '1492446331', 'info'), ('63', '1', 'CustomVisitRecord', 'update', '更新对客户(#1)的拜访记录(#2)', '{\"id\":\"2\",\"custom_id\":\"1\",\"salesman_id\":\"8\",\"type\":\"meet\",\"content\":\"撒大是大非sadfasdf\",\"created_time\":\"1492445854\",\"updated_time\":\"1492446336\"}', '', '1492446336', 'info'), ('64', '1', 'CustomVisitRecord', 'update', '更新对客户(#1)的拜访记录(#1)', '{\"id\":\"1\",\"custom_id\":\"1\",\"salesman_id\":\"8\",\"type\":\"weixin\",\"content\":\"好好聊天哦按\",\"created_time\":\"1492445841\",\"updated_time\":\"1492446347\"}', '', '1492446347', 'info'), ('65', '1', 'CustomVisitRecord', 'update', '更新对客户(#1)的拜访记录(#2)', '{\"id\":\"2\",\"custom_id\":\"1\",\"salesman_id\":\"8\",\"type\":\"meet\",\"content\":\"好好聊天哦按好好聊天哦按好好聊天哦按好好聊天哦按好好聊天哦按\",\"created_time\":\"1492445854\",\"updated_time\":\"1492446352\"}', '', '1492446352', 'info'), ('66', '1', 'CustomVisitRecord', 'update', '更新对客户(#1)的拜访记录(#1)', '{\"id\":\"1\",\"custom_id\":\"1\",\"salesman_id\":\"8\",\"type\":\"weixin\",\"content\":\"好好聊天哦按111\",\"created_time\":\"1492445841\",\"updated_time\":\"1492446365\"}', '', '1492446365', 'info'), ('67', '1', 'goods-set', 'update', '更新套餐-sfasdf(#3)', '{\"id\":\"3\",\"name\":\"sfasdf\",\"code\":\"sfasdf\",\"sale_price\":\"1.00\",\"original_price\":\"1.00\",\"seq\":\"0\",\"status\":\"0\",\"about\":\"\",\"owner_id\":\"1\",\"created_time\":\"1492444304\",\"updated_time\":\"1492739845\"}', '', '1492739845', 'info'), ('68', '1', 'goods-set', 'disable', '禁用套餐-sfasdf(#3)', '', '', '1492934586', 'info'), ('69', '1', 'goods-set', 'enable', '启用套餐-sfasdf(#3)', '', '', '1492934590', 'info'), ('70', '1', 'goods-set', 'disable', '禁用套餐-sfasdf(#3)', '', '', '1492934593', 'info'), ('71', '1', 'goods-set', 'enable', '启用套餐-sfasdf(#3)', '', '', '1492934596', 'info'), ('72', '1', 'goods-set', 'enable', '启用套餐-套餐1(#1)', '', '', '1492934598', 'info'), ('73', '1', 'goods-set', 'disable', '禁用套餐-sfasdf(#3)', '', '', '1492934600', 'info'), ('74', '1', 'goods-set', 'enable', '启用套餐-sfasdf(#3)', '', '', '1492934603', 'info'), ('75', '1', 'goods-set', 'disable', '禁用套餐-套餐1(#1)', '', '', '1492934607', 'info'), ('76', '1', 'goods-set', 'disable', '禁用套餐-sfasdf(#3)', '', '', '1492934610', 'info'), ('77', '1', 'goods-set', 'enable', '启用套餐-sfasdf(#3)', '', '', '1492934615', 'info'), ('78', '1', 'goods-set', 'delete', '删除套餐-sfasdf(#3)', '', '', '1492934643', 'info'), ('79', '1', 'goods-set', 'create', '新增套餐-asdfasdf(#4)', '{\"id\":\"4\",\"name\":\"asdfasdf\",\"code\":\"asdfasdf\",\"sale_price\":\"11.00\",\"original_price\":\"5.00\",\"seq\":\"0\",\"status\":\"0\",\"about\":\"\",\"owner_id\":\"1\",\"created_time\":\"1492935398\",\"updated_time\":\"1492935398\"}', '', '1492935398', 'info'), ('80', '1', 'goods-set', 'delete', '删除套餐-asdfasdf(#4)', '', '', '1492935403', 'info'), ('81', '1', 'goods-set', 'create', '新增套餐-asdfadsf(#5)', '{\"id\":\"5\",\"name\":\"asdfadsf\",\"code\":\"asdfadsf\",\"sale_price\":\"10.00\",\"original_price\":\"5.00\",\"seq\":\"0\",\"status\":\"0\",\"about\":\"\",\"owner_id\":\"1\",\"created_time\":\"1492935439\",\"updated_time\":\"1492935439\"}', '', '1492935439', 'info'), ('82', '1', 'goods-set', 'delete', '删除套餐-asdfadsf(#5)', '', '', '1492935446', 'info'), ('83', '1', 'goods-set', 'create', '新增套餐-asdf(#6)', '{\"id\":\"6\",\"name\":\"asdf\",\"code\":\"asdf\",\"sale_price\":\"1.00\",\"original_price\":\"1.00\",\"seq\":\"0\",\"status\":\"0\",\"about\":\"\",\"owner_id\":\"1\",\"created_time\":\"1492935545\",\"updated_time\":\"1492935545\"}', '', '1492935545', 'info'), ('84', '1', 'goods-set', 'delete', '删除套餐-asdf(#6)', '', '', '1492935550', 'info'), ('85', '1', 'goods-set', 'create', '新增套餐-asdf(#7)', '{\"id\":\"7\",\"name\":\"asdf\",\"code\":\"asdf\",\"sale_price\":\"1.00\",\"original_price\":\"1.00\",\"seq\":\"0\",\"status\":\"0\",\"about\":\"\",\"owner_id\":\"1\",\"created_time\":\"1492935596\",\"updated_time\":\"1492935596\"}', '', '1492935596', 'info'), ('86', '1', 'goods-set', 'delete', '删除套餐-asdf(#7)', '', '', '1492935604', 'info'), ('87', '1', 'goods-set', 'create', '新增套餐-ear(#8)', '{\"id\":\"8\",\"name\":\"ear\",\"code\":\"ear\",\"sale_price\":\"10.00\",\"original_price\":\"2.70\",\"seq\":\"0\",\"status\":\"0\",\"about\":\"\",\"owner_id\":\"1\",\"created_time\":\"1492935647\",\"updated_time\":\"1492935647\"}', '', '1492935647', 'info'), ('88', '1', 'goods-set', 'delete', '删除套餐-ear(#8)', '', '', '1492935657', 'info'), ('89', '1', 'goods-set', 'create', '新增套餐-sdfsadf(#9)', '{\"id\":\"9\",\"name\":\"sdfsadf\",\"code\":\"sdfsadf\",\"sale_price\":\"0.00\",\"original_price\":\"1.00\",\"seq\":\"0\",\"status\":\"0\",\"about\":\"\",\"owner_id\":\"1\",\"created_time\":\"1492935784\",\"updated_time\":\"1492935784\"}', '', '1492935784', 'info'), ('90', '1', 'goods-set', 'delete', '删除套餐-sdfsadf(#9)', '', '', '1492935787', 'info'), ('91', '1', 'goods-set', 'create', '新增套餐-asfdasdf(#10)', '{\"id\":\"10\",\"name\":\"asfdasdf\",\"code\":\"asfdasdf\",\"sale_price\":\"0.00\",\"original_price\":\"1.00\",\"seq\":\"0\",\"status\":\"0\",\"about\":\"\",\"owner_id\":\"1\",\"created_time\":\"1492935815\",\"updated_time\":\"1492935815\"}', '', '1492935815', 'info'), ('92', '1', 'goods-set', 'delete', '删除套餐-asfdasdf(#10)', '', '', '1492935819', 'info'), ('93', '1', 'stock', 'update', '更新库存(#3)', '{\"id\":\"3\",\"goods_id\":\"10\",\"name\":\"产品2\",\"group_code\":\"product\",\"category_id\":\"6\",\"provider_id\":\"2\",\"amount\":\"25\",\"min_amount\":\"30\",\"is_warning\":\"1\",\"seq\":\"0\",\"owner_id\":\"1\",\"is_deleted\":\"0\",\"created_time\":\"1492357435\"}', '', '1492938438', 'info'), ('94', '1', 'CustomVisitRecord', 'create', '新增对客户(#1)的拜访记录(#3)', '{\"id\":\"3\",\"custom_id\":\"1\",\"salesman_id\":\"8\",\"type\":\"weixin\",\"content\":\"a\'s\'f\'da\'s\'f\",\"created_time\":\"1492939500\",\"updated_time\":\"1492939500\"}', '', '1492939500', 'info'), ('95', '1', 'Resource', 'create', '新增客户-asdfas(#1)', '{\"id\":\"1\",\"name\":\"asdfas\",\"type\":\"worker\",\"model\":\"sadfasfd\",\"unit\":\"人\",\"price\":\"1.00\",\"status\":\"free\",\"owner_id\":\"1\",\"about\":\"\"}', '', '1492940229', 'info'), ('96', '1', 'Resource', 'update', '更新客户-asdfas(#1)', '{\"id\":\"1\",\"name\":\"asdfas\",\"type\":\"worker\",\"model\":\"sadfasfd\",\"unit\":\"人\\/天\",\"price\":\"1.00\",\"status\":\"free\",\"owner_id\":\"1\",\"about\":\"\"}', '', '1492940662', 'info'), ('97', '1', 'Resource', 'update', '更新客户-asdfas(#1)', '{\"id\":\"1\",\"name\":\"asdfas\",\"type\":\"worker\",\"model\":\"sadfasfd\",\"unit\":\"人\\/天\",\"price\":\"60.00\",\"status\":\"free\",\"owner_id\":\"1\",\"about\":\"\"}', '', '1492940670', 'info'), ('98', '1', 'custom', 'create', '新增客户-sadfasdf(#2)', '{\"id\":\"2\",\"name\":\"sadfasdf\",\"type\":\"personal\",\"contact_name\":\"asdfas\",\"contact_mobile\":\"13333333345\",\"contact_email\":\"\",\"address\":\"\",\"about\":\"\",\"salesman_id\":\"8\",\"owner_id\":\"1\",\"creator_id\":\"1\",\"created_time\":\"0\",\"updated_time\":\"0\",\"is_deleted\":\"0\"}', '', '1492940777', 'info'), ('99', '1', 'custom', 'delete', '删除客户-sadfasdf(#2)', '', '', '1492940780', 'info'), ('100', '1', 'goods-set', 'create', '新增套餐-asdfasd(#11)', '{\"id\":\"11\",\"name\":\"asdfasd\",\"code\":\"asdfasd\",\"sale_price\":\"0.00\",\"original_price\":\"1.00\",\"seq\":\"0\",\"status\":\"0\",\"about\":\"\",\"owner_id\":\"1\",\"created_time\":\"1492941010\",\"updated_time\":\"1492941010\"}', '', '1492941010', 'info'), ('101', '1', 'goods-set', 'enable', '启用套餐-套餐1(#1)', '', '', '1492941014', 'info'), ('102', '1', 'goods-set', 'disable', '禁用套餐-套餐1(#1)', '', '', '1492941016', 'info'), ('103', '1', 'goods-set', 'enable', '启用套餐-套餐1(#1)', '', '', '1492941018', 'info'), ('104', '1', 'goods-set', 'disable', '禁用套餐-asdfasd(#11)', '', '', '1492941020', 'info'), ('105', '1', 'goods-set', 'disable', '禁用套餐-套餐1(#1)', '', '', '1492941024', 'info'), ('106', '1', 'goods-set', 'enable', '启用套餐-asdfasd(#11)', '', '', '1492941029', 'info'), ('107', '1', 'goods-set', 'enable', '启用套餐-套餐1(#1)', '', '', '1492941033', 'info'), ('108', '1', 'goods-set', 'disable', '禁用套餐-asdfasd(#11)', '', '', '1492941034', 'info'), ('109', '1', 'user', 'create', '新增子账户-afasdf(#9)', '{\"id\":\"9\",\"nickname\":\"afasdf\",\"type\":\"alias-subuser\",\"mobile\":\"\",\"email\":\"\",\"small_avatar\":\"\",\"medium_avatar\":\"\",\"large_avatar\":\"\",\"region_id\":\"2\",\"parent_id\":\"1\",\"about\":null,\"company_name\":\"afasdf\",\"company_address\":\"\",\"roles\":[\"ROLE_USER\"],\"locked\":\"0\",\"new_notification_num\":\"0\",\"created_ip\":\"\",\"created_time\":\"1493114790\",\"updated_time\":\"1493114790\",\"login_time\":\"0\",\"login_ip\":\"\"}', '', '1493114790', 'info'), ('110', '1', 'user', 'create', '新增加盟商-致良知科技(#10)', '{\"id\":\"10\",\"nickname\":\"致良知科技\",\"type\":\"alias\",\"mobile\":\"18605817736\",\"email\":\"\",\"small_avatar\":\"\",\"medium_avatar\":\"\",\"large_avatar\":\"\",\"region_id\":\"2\",\"parent_id\":\"0\",\"about\":null,\"company_name\":\"杭州致良知科技有限公司\",\"company_address\":\"下沙学源街\",\"roles\":[\"ROLE_ADMIN\"],\"locked\":\"0\",\"new_notification_num\":\"0\",\"created_ip\":\"\",\"created_time\":\"1493115317\",\"updated_time\":\"1493115317\",\"login_time\":\"0\",\"login_ip\":\"\"}', '', '1493115317', 'info'), ('111', '1', 'user', 'create', '新增子账户-默认销售员(#11)', '{\"id\":\"11\",\"nickname\":\"默认销售员\",\"type\":\"alias-subuser\",\"mobile\":\"\",\"email\":\"\",\"small_avatar\":\"\",\"medium_avatar\":\"\",\"large_avatar\":\"\",\"region_id\":\"2\",\"parent_id\":\"10\",\"about\":null,\"company_name\":\"杭州致良知科技有限公司\",\"company_address\":\"下沙学源街\",\"roles\":[\"ROLE_SALESMAN\"],\"locked\":\"0\",\"new_notification_num\":\"0\",\"created_ip\":\"\",\"created_time\":\"1493115317\",\"updated_time\":\"1493115317\",\"login_time\":\"0\",\"login_ip\":\"\"}', '', '1493115317', 'info'), ('112', '1', 'goods', 'delete', '删除产品-产品2(#10)', '', '', '1493121686', 'info'), ('113', '1', 'goods', 'undelete', '回收产品-产品2(#10)', '', '', '1493122083', 'info'), ('114', '1', 'goods', 'delete', '删除产品-产品2(#10)', '', '', '1493123512', 'info'), ('115', '1', 'goods', 'undelete', '回收产品-产品2(#10)', '', '', '1493123516', 'info'), ('116', '1', 'goods', 'undelete', '回收产品-产品2(#10)', '', '', '1493124032', 'info'), ('117', '1', 'user', 'disable', '禁用账户-致良知科技(#10)', '', '', '1493126650', 'info'), ('118', '1', 'user', 'enable', '启用账户-致良知科技(#10)', '', '', '1493126669', 'info'), ('133', '1', 'region', 'update', '更新角色', '{\"id\":\"4\",\"name\":\"销售\",\"code\":\"ROLE_SALESMAN\",\"access_rules\":[\"\\/goods\\/group\\/product\",\"\\/goods\\/group\\/facility\",\"\\/custom\",\"\\/order_record\"],\"owner_id\":\"1\",\"is_system\":\"1\"}', '', '1493144493', 'info'), ('134', '1', 'region', 'update', '更新角色', '{\"id\":\"4\",\"name\":\"销售\",\"code\":\"ROLE_SALESMAN\",\"access_rules\":[\"\\/goods\\/group\\/product\",\"\\/goods\\/group\\/facility\",\"\\/custom\",\"\\/order_record\"],\"owner_id\":\"1\",\"is_system\":\"1\"}', '', '1493144526', 'info'), ('135', '1', 'region', 'update', '更新角色', '{\"id\":\"4\",\"name\":\"销售\",\"code\":\"ROLE_SALESMAN\",\"access_rules\":[\"\\/goods\\/group\\/product\",\"\\/custom\"],\"owner_id\":\"1\",\"is_system\":\"1\"}', '', '1493144536', 'info'), ('136', '1', 'region', 'update', '更新角色', '{\"id\":\"4\",\"name\":\"销售\",\"code\":\"ROLE_SALESMAN\",\"access_rules\":[\"\\/goods\\/group\\/product\",\"\\/custom\",\"\\/order_record\",\"\\/user\\/type\\/provider\",\"\\/resource\\/type\\/worker\"],\"owner_id\":\"1\",\"is_system\":\"1\"}', '', '1493144778', 'info'), ('137', '1', 'region', 'update', '更新角色', '{\"id\":\"4\",\"name\":\"销售\",\"code\":\"ROLE_SALESMAN\",\"access_rules\":[\"\\/goods\\/group\\/product\",\"\\/user\\/type\\/provider\",\"\\/resource\\/type\\/worker\"],\"owner_id\":\"1\",\"is_system\":\"1\"}', '', '1493144895', 'info'), ('138', '1', 'region', 'update', '更新角色', '{\"id\":\"4\",\"name\":\"销售\",\"code\":\"ROLE_SALESMAN\",\"access_rules\":[\"\\/goods\\/group\\/product\",\"\\/user\\/type\\/provider\",\"\\/resource\\/type\\/worker\"],\"owner_id\":\"1\",\"is_system\":\"1\"}', '', '1493144903', 'info'), ('139', '1', 'region', 'update', '更新角色', '{\"id\":\"4\",\"name\":\"销售\",\"code\":\"ROLE_SALESMAN\",\"access_rules\":[\"\\/goods\\/group\\/product\",\"\\/user\\/type\\/provider\",\"\\/resource\\/type\\/worker\"],\"owner_id\":\"1\",\"is_system\":\"1\"}', '', '1493145102', 'info'), ('140', '1', 'user', 'login_success', 'admin登录成功', '', '127.0.0.1', '1493147805', 'info'), ('141', '1', 'user', 'login_success', 'admin登录成功', '', '127.0.0.1', '1493148027', 'info'), ('142', '1', 'user', 'login_success', 'admin登录成功', '', '127.0.0.1', '1493177874', 'info'), ('143', '1', 'user', 'create', '新增加盟商-致良知科技(#12)', '{\"id\":\"12\",\"nickname\":\"致良知科技\",\"type\":\"alias\",\"mobile\":\"18605817736\",\"email\":\"\",\"small_avatar\":\"\",\"medium_avatar\":\"\",\"large_avatar\":\"\",\"region_id\":\"1\",\"parent_id\":\"0\",\"about\":null,\"company_name\":\"致良知科技\",\"company_address\":\"\",\"roles\":[\"ROLE_ADMIN\"],\"locked\":\"0\",\"new_notification_num\":\"0\",\"created_ip\":\"\",\"created_time\":\"1493178291\",\"updated_time\":\"1493178291\",\"login_time\":\"0\",\"login_ip\":\"\"}', '127.0.0.1', '1493178291', 'info'), ('144', '1', 'region', 'create', '新增角色', '{\"id\":\"5\",\"name\":\"经理\",\"code\":\"ROLE_MANAGER\",\"access_rules\":[],\"owner_id\":\"12\",\"is_system\":\"1\"}', '127.0.0.1', '1493178291', 'info'), ('145', '1', 'region', 'create', '新增角色', '{\"id\":\"6\",\"name\":\"销售\",\"code\":\"ROLE_SALESMAN\",\"access_rules\":[],\"owner_id\":\"12\",\"is_system\":\"1\"}', '127.0.0.1', '1493178291', 'info'), ('146', '1', 'user', 'create', '新增子账户-默认销售员(#13)', '{\"id\":\"13\",\"nickname\":\"默认销售员\",\"type\":\"alias-subuser\",\"mobile\":\"\",\"email\":\"\",\"small_avatar\":\"\",\"medium_avatar\":\"\",\"large_avatar\":\"\",\"region_id\":\"1\",\"parent_id\":\"12\",\"about\":null,\"company_name\":\"致良知科技\",\"company_address\":\"\",\"roles\":[\"ROLE_SALESMAN\"],\"locked\":\"0\",\"new_notification_num\":\"0\",\"created_ip\":\"\",\"created_time\":\"1493178291\",\"updated_time\":\"1493178291\",\"login_time\":\"0\",\"login_ip\":\"\"}', '127.0.0.1', '1493178291', 'info'), ('147', '12', 'user', 'login_success', '致良知科技登录成功', '', '127.0.0.1', '1493178300', 'info'), ('148', '1', 'user', 'disable', '修改账户-致良知科技(#12)密码', '', '127.0.0.1', '1493178934', 'info'), ('149', '12', 'user', 'login_success', '致良知科技登录成功', '', '127.0.0.1', '1493178946', 'info'), ('150', '8', 'user', 'login_success', '默认销售员登录成功', '', '127.0.0.1', '1493180972', 'info'), ('151', '1', 'user', 'login_success', 'admin登录成功', '', '127.0.0.1', '1493181118', 'info'), ('152', '1', 'region', 'update', '更新角色', '{\"id\":\"4\",\"name\":\"销售\",\"code\":\"ROLE_SALESMAN\",\"access_rules\":[\"\\/goods\\/group\\/product\",\"\\/goods\\/group\\/facility\",\"\\/goods_set\",\"\\/custom\",\"\\/order_record\",\"\\/\",\"\\/user\\/type\\/provider\"],\"owner_id\":\"1\",\"is_system\":\"1\"}', '127.0.0.1', '1493182461', 'info'), ('153', '8', 'user', 'login_success', '默认销售员登录成功', '', '127.0.0.1', '1493182478', 'info'), ('154', '1', 'user', 'login_success', 'admin登录成功', '', '127.0.0.1', '1493182523', 'info'), ('155', '8', 'user', 'login_success', '默认销售员登录成功', '', '127.0.0.1', '1493183158', 'info'), ('156', '8', 'user', 'login_success', '默认销售员登录成功', '', '127.0.0.1', '1493183374', 'info'), ('157', '8', 'user', 'login_success', 'admin:默认销售员登录成功', '', '127.0.0.1', '1493185085', 'info'), ('158', '0', 'region', 'create', '新增角色', '{\"id\":\"1\",\"name\":\"经理\",\"code\":\"ROLE_MANAGER\",\"access_rules\":[],\"owner_id\":\"1\",\"is_system\":\"1\"}', '127.0.0.1', '1493199737', 'info'), ('159', '0', 'region', 'create', '新增角色', '{\"id\":\"2\",\"name\":\"销售\",\"code\":\"ROLE_SALESMAN\",\"access_rules\":[],\"owner_id\":\"1\",\"is_system\":\"1\"}', '127.0.0.1', '1493199737', 'info'), ('160', '0', 'user', 'create', '新增子账户-默认销售员(#2)', '{\"id\":\"2\",\"nickname\":\"默认销售员\",\"type\":\"alias-subuser\",\"mobile\":\"\",\"email\":\"\",\"small_avatar\":\"\",\"medium_avatar\":\"\",\"large_avatar\":\"\",\"region_id\":\"0\",\"parent_id\":\"1\",\"about\":null,\"company_name\":\"admin\",\"company_address\":\"\",\"roles\":[\"ROLE_SALESMAN\"],\"locked\":\"0\",\"new_notification_num\":\"0\",\"created_ip\":\"\",\"created_time\":\"1493199737\",\"updated_time\":\"1493199737\",\"login_time\":\"0\",\"login_ip\":\"\"}', '127.0.0.1', '1493199737', 'info'), ('161', '0', 'user', 'create', '新增加盟商-admin(#1)', '{\"id\":\"1\",\"nickname\":\"admin\",\"type\":\"alias\",\"mobile\":\"13612345678\",\"email\":\"\",\"small_avatar\":\"\",\"medium_avatar\":\"\",\"large_avatar\":\"\",\"region_id\":\"0\",\"parent_id\":\"0\",\"about\":null,\"company_name\":\"admin\",\"company_address\":\"\",\"roles\":[\"ROLE_ADMIN\"],\"locked\":\"0\",\"new_notification_num\":\"0\",\"created_ip\":\"\",\"created_time\":\"1493199737\",\"updated_time\":\"1493199737\",\"login_time\":\"0\",\"login_ip\":\"\"}', '127.0.0.1', '1493199737', 'info'), ('162', '0', 'region', 'create', '新增角色', '{\"id\":\"1\",\"name\":\"经理\",\"code\":\"ROLE_MANAGER\",\"access_rules\":[],\"owner_id\":\"1\",\"is_system\":\"1\"}', '127.0.0.1', '1493199797', 'info'), ('163', '0', 'region', 'create', '新增角色', '{\"id\":\"2\",\"name\":\"销售\",\"code\":\"ROLE_SALESMAN\",\"access_rules\":[],\"owner_id\":\"1\",\"is_system\":\"1\"}', '127.0.0.1', '1493199797', 'info'), ('164', '0', 'user', 'create', '新增子账户-默认销售员(#2)', '{\"id\":\"2\",\"nickname\":\"默认销售员\",\"type\":\"alias-subuser\",\"mobile\":\"\",\"email\":\"\",\"small_avatar\":\"\",\"medium_avatar\":\"\",\"large_avatar\":\"\",\"region_id\":\"0\",\"parent_id\":\"1\",\"about\":null,\"company_name\":\"admin\",\"company_address\":\"\",\"roles\":[\"ROLE_SALESMAN\"],\"locked\":\"0\",\"new_notification_num\":\"0\",\"created_ip\":\"\",\"created_time\":\"1493199797\",\"updated_time\":\"1493199797\",\"login_time\":\"0\",\"login_ip\":\"\"}', '127.0.0.1', '1493199797', 'info'), ('165', '0', 'user', 'create', '新增加盟商-admin(#1)', '{\"id\":\"1\",\"nickname\":\"admin\",\"type\":\"alias\",\"mobile\":\"13612345678\",\"email\":\"\",\"small_avatar\":\"\",\"medium_avatar\":\"\",\"large_avatar\":\"\",\"region_id\":\"0\",\"parent_id\":\"0\",\"about\":null,\"company_name\":\"admin\",\"company_address\":\"\",\"roles\":[\"ROLE_ADMIN\"],\"locked\":\"0\",\"new_notification_num\":\"0\",\"created_ip\":\"\",\"created_time\":\"1493199797\",\"updated_time\":\"1493199797\",\"login_time\":\"0\",\"login_ip\":\"\"}', '127.0.0.1', '1493199797', 'info'), ('166', '0', 'region', 'create', '新增角色', '{\"id\":\"1\",\"name\":\"经理\",\"code\":\"ROLE_MANAGER\",\"access_rules\":[],\"owner_id\":\"1\",\"is_system\":\"1\"}', '127.0.0.1', '1493200087', 'info'), ('167', '0', 'region', 'create', '新增角色', '{\"id\":\"2\",\"name\":\"销售\",\"code\":\"ROLE_SALESMAN\",\"access_rules\":[],\"owner_id\":\"1\",\"is_system\":\"1\"}', '127.0.0.1', '1493200087', 'info'), ('168', '0', 'user', 'create', '新增子账户-默认销售员(#2)', '{\"id\":\"2\",\"nickname\":\"默认销售员\",\"type\":\"alias-subuser\",\"mobile\":\"\",\"email\":\"\",\"small_avatar\":\"\",\"medium_avatar\":\"\",\"large_avatar\":\"\",\"region_id\":\"0\",\"parent_id\":\"1\",\"about\":null,\"company_name\":\"admin\",\"company_address\":\"\",\"roles\":[\"ROLE_SALESMAN\"],\"locked\":\"0\",\"new_notification_num\":\"0\",\"created_ip\":\"\",\"created_time\":\"1493200087\",\"updated_time\":\"1493200087\",\"login_time\":\"0\",\"login_ip\":\"\"}', '127.0.0.1', '1493200087', 'info'), ('169', '0', 'user', 'create', '新增加盟商-admin(#1)', '{\"id\":\"1\",\"nickname\":\"admin\",\"type\":\"alias\",\"mobile\":\"13612345678\",\"email\":\"\",\"small_avatar\":\"\",\"medium_avatar\":\"\",\"large_avatar\":\"\",\"region_id\":\"0\",\"parent_id\":\"0\",\"about\":null,\"company_name\":\"admin\",\"company_address\":\"\",\"roles\":[\"ROLE_ADMIN\"],\"locked\":\"0\",\"new_notification_num\":\"0\",\"created_ip\":\"\",\"created_time\":\"1493200087\",\"updated_time\":\"1493200087\",\"login_time\":\"0\",\"login_ip\":\"\"}', '127.0.0.1', '1493200087', 'info'), ('170', '0', 'region', 'create', '新增角色', '{\"id\":\"1\",\"name\":\"经理\",\"code\":\"ROLE_MANAGER\",\"access_rules\":[],\"owner_id\":\"1\",\"is_system\":\"1\"}', '127.0.0.1', '1493200231', 'info'), ('171', '0', 'region', 'create', '新增角色', '{\"id\":\"2\",\"name\":\"销售\",\"code\":\"ROLE_SALESMAN\",\"access_rules\":[],\"owner_id\":\"1\",\"is_system\":\"1\"}', '127.0.0.1', '1493200231', 'info'), ('172', '0', 'user', 'create', '新增子账户-默认销售员(#2)', '{\"id\":\"2\",\"nickname\":\"默认销售员\",\"type\":\"alias-subuser\",\"mobile\":\"\",\"email\":\"\",\"small_avatar\":\"\",\"medium_avatar\":\"\",\"large_avatar\":\"\",\"region_id\":\"0\",\"parent_id\":\"1\",\"about\":null,\"company_name\":\"admin\",\"company_address\":\"\",\"roles\":[\"ROLE_SALESMAN\"],\"locked\":\"0\",\"new_notification_num\":\"0\",\"created_ip\":\"\",\"created_time\":\"1493200231\",\"updated_time\":\"1493200231\",\"login_time\":\"0\",\"login_ip\":\"\"}', '127.0.0.1', '1493200231', 'info'), ('173', '0', 'user', 'create', '新增加盟商-admin(#1)', '{\"id\":\"1\",\"nickname\":\"admin\",\"type\":\"alias\",\"mobile\":\"13612345678\",\"email\":\"\",\"small_avatar\":\"\",\"medium_avatar\":\"\",\"large_avatar\":\"\",\"region_id\":\"0\",\"parent_id\":\"0\",\"about\":null,\"company_name\":\"admin\",\"company_address\":\"\",\"roles\":[\"ROLE_ADMIN\"],\"locked\":\"0\",\"new_notification_num\":\"0\",\"created_ip\":\"\",\"created_time\":\"1493200231\",\"updated_time\":\"1493200231\",\"login_time\":\"0\",\"login_ip\":\"\"}', '127.0.0.1', '1493200231', 'info'), ('174', '1', 'region', 'create', '新增角色', '{\"id\":\"3\",\"name\":\"超级管理员\",\"code\":\"ROLE_SUPER_ADMIN\",\"access_rules\":[],\"owner_id\":\"1\",\"is_system\":\"1\"}', '127.0.0.1', '1493200231', 'info'), ('175', '1', 'region', 'create', '新增角色', '{\"id\":\"4\",\"name\":\"加盟商主账号\",\"code\":\"ROLE_ADMIN\",\"access_rules\":[],\"owner_id\":\"1\",\"is_system\":\"1\"}', '127.0.0.1', '1493200231', 'info'), ('176', '1', 'region', 'create', '新增角色', '{\"id\":\"5\",\"name\":\"经理\",\"code\":\"ROLE_MANAGER\",\"access_rules\":[],\"owner_id\":\"1\",\"is_system\":\"1\"}', '127.0.0.1', '1493200231', 'info'), ('177', '1', 'region', 'create', '新增角色', '{\"id\":\"6\",\"name\":\"销售\",\"code\":\"ROLE_SALESMAN\",\"access_rules\":[],\"owner_id\":\"1\",\"is_system\":\"1\"}', '127.0.0.1', '1493200231', 'info'), ('178', '0', 'region', 'create', '新增角色', '{\"id\":\"1\",\"name\":\"经理\",\"code\":\"ROLE_MANAGER\",\"access_rules\":[],\"owner_id\":\"1\",\"is_system\":\"1\"}', '127.0.0.1', '1493200279', 'info'), ('179', '0', 'region', 'create', '新增角色', '{\"id\":\"2\",\"name\":\"销售\",\"code\":\"ROLE_SALESMAN\",\"access_rules\":[],\"owner_id\":\"1\",\"is_system\":\"1\"}', '127.0.0.1', '1493200279', 'info'), ('180', '0', 'user', 'create', '新增子账户-默认销售员(#2)', '{\"id\":\"2\",\"nickname\":\"默认销售员\",\"type\":\"alias-subuser\",\"mobile\":\"\",\"email\":\"\",\"small_avatar\":\"\",\"medium_avatar\":\"\",\"large_avatar\":\"\",\"region_id\":\"0\",\"parent_id\":\"1\",\"about\":null,\"company_name\":\"admin\",\"company_address\":\"\",\"roles\":[\"ROLE_SALESMAN\"],\"locked\":\"0\",\"new_notification_num\":\"0\",\"created_ip\":\"\",\"created_time\":\"1493200279\",\"updated_time\":\"1493200279\",\"login_time\":\"0\",\"login_ip\":\"\"}', '127.0.0.1', '1493200279', 'info'), ('181', '0', 'user', 'create', '新增加盟商-admin(#1)', '{\"id\":\"1\",\"nickname\":\"admin\",\"type\":\"alias\",\"mobile\":\"13612345678\",\"email\":\"\",\"small_avatar\":\"\",\"medium_avatar\":\"\",\"large_avatar\":\"\",\"region_id\":\"0\",\"parent_id\":\"0\",\"about\":null,\"company_name\":\"admin\",\"company_address\":\"\",\"roles\":[\"ROLE_ADMIN\"],\"locked\":\"0\",\"new_notification_num\":\"0\",\"created_ip\":\"\",\"created_time\":\"1493200279\",\"updated_time\":\"1493200279\",\"login_time\":\"0\",\"login_ip\":\"\"}', '127.0.0.1', '1493200279', 'info'), ('182', '1', 'region', 'create', '新增角色', '{\"id\":\"3\",\"name\":\"超级管理员\",\"code\":\"ROLE_SUPER_ADMIN\",\"access_rules\":[],\"owner_id\":\"1\",\"is_system\":\"1\"}', '127.0.0.1', '1493200279', 'info'), ('183', '1', 'region', 'create', '新增角色', '{\"id\":\"4\",\"name\":\"加盟商主账号\",\"code\":\"ROLE_ADMIN\",\"access_rules\":[],\"owner_id\":\"1\",\"is_system\":\"1\"}', '127.0.0.1', '1493200279', 'info'), ('184', '1', 'user', 'create', '新增供应商-九月生活(#3)', '{\"id\":\"3\",\"nickname\":\"九月生活\",\"type\":\"provider\",\"mobile\":\"13899999999\",\"email\":\"\",\"small_avatar\":\"\",\"medium_avatar\":\"\",\"large_avatar\":\"\",\"region_id\":\"0\",\"parent_id\":\"1\",\"about\":null,\"company_name\":\"九月生活\",\"company_address\":\"\",\"roles\":[\"ROLE_USER\"],\"locked\":\"0\",\"new_notification_num\":\"0\",\"created_ip\":\"\",\"created_time\":\"1493200319\",\"updated_time\":\"1493200319\",\"login_time\":\"0\",\"login_ip\":\"\"}', '', '1493200319', 'info'), ('185', '1', 'user', 'create', '新增供应商-85度C(#4)', '{\"id\":\"4\",\"nickname\":\"85度C\",\"type\":\"provider\",\"mobile\":\"13333333333\",\"email\":\"\",\"small_avatar\":\"\",\"medium_avatar\":\"\",\"large_avatar\":\"\",\"region_id\":\"0\",\"parent_id\":\"1\",\"about\":null,\"company_name\":\"85度C\",\"company_address\":\"\",\"roles\":[\"ROLE_USER\"],\"locked\":\"0\",\"new_notification_num\":\"0\",\"created_ip\":\"\",\"created_time\":\"1493200338\",\"updated_time\":\"1493200338\",\"login_time\":\"0\",\"login_ip\":\"\"}', '', '1493200338', 'info'), ('186', '1', 'Resource', 'update', '更新客户-张三(#1)', '{\"id\":\"1\",\"name\":\"张三\",\"type\":\"worker\",\"model\":\"服务生\",\"unit\":\"人\\/场\",\"price\":\"120.00\",\"status\":\"free\",\"owner_id\":\"1\",\"about\":\"\"}', '', '1493206304', 'info'), ('187', '1', 'goods-set', 'delete', '删除套餐-asdfasd(#11)', '', '', '1493206319', 'info'), ('188', '1', 'user', 'create', '新增子账户-qqqqq(#5)', '{\"id\":\"5\",\"nickname\":\"qqqqq\",\"type\":\"alias-subuser\",\"mobile\":\"\",\"email\":\"\",\"small_avatar\":\"\",\"medium_avatar\":\"\",\"large_avatar\":\"\",\"region_id\":\"0\",\"parent_id\":\"1\",\"about\":null,\"company_name\":\"qqqqq\",\"company_address\":\"\",\"roles\":[\"\"],\"locked\":\"0\",\"new_notification_num\":\"0\",\"created_ip\":\"\",\"created_time\":\"1493209248\",\"updated_time\":\"1493209248\",\"login_time\":\"0\",\"login_ip\":\"\"}', '', '1493209248', 'info'), ('189', '1', 'user', 'create', '新增子账户-qweqwe(#6)', '{\"id\":\"6\",\"nickname\":\"qweqwe\",\"type\":\"alias-subuser\",\"mobile\":\"\",\"email\":\"\",\"small_avatar\":\"\",\"medium_avatar\":\"\",\"large_avatar\":\"\",\"region_id\":\"0\",\"parent_id\":\"1\",\"about\":null,\"company_name\":\"qweqwe\",\"company_address\":\"\",\"roles\":[\"\"],\"locked\":\"0\",\"new_notification_num\":\"0\",\"created_ip\":\"\",\"created_time\":\"1493209517\",\"updated_time\":\"1493209517\",\"login_time\":\"0\",\"login_ip\":\"\"}', '', '1493209517', 'info'), ('190', '1', 'user', 'create', '新增供应商-af(#7)', '{\"id\":\"7\",\"nickname\":\"af\",\"type\":\"provider\",\"mobile\":\"13344444444\",\"email\":\"\",\"small_avatar\":\"\",\"medium_avatar\":\"\",\"large_avatar\":\"\",\"region_id\":\"0\",\"parent_id\":\"1\",\"about\":null,\"company_name\":\"af\",\"company_address\":\"\",\"roles\":[\"ROLE_USER\"],\"locked\":\"0\",\"new_notification_num\":\"0\",\"created_ip\":\"\",\"created_time\":\"1493210180\",\"updated_time\":\"1493210180\",\"login_time\":\"0\",\"login_ip\":\"\"}', '', '1493210180', 'info'), ('191', '1', 'user', 'create', '新增子账户-asf(#8)', '{\"id\":\"8\",\"nickname\":\"asf\",\"type\":\"alias-subuser\",\"mobile\":\"11133333333\",\"email\":\"\",\"small_avatar\":\"\",\"medium_avatar\":\"\",\"large_avatar\":\"\",\"region_id\":\"2\",\"parent_id\":\"1\",\"about\":null,\"company_name\":\"asf\",\"company_address\":\"\",\"roles\":[\"\"],\"locked\":\"0\",\"new_notification_num\":\"0\",\"created_ip\":\"\",\"created_time\":\"1493210560\",\"updated_time\":\"1493210560\",\"login_time\":\"0\",\"login_ip\":\"\"}', '', '1493210560', 'info'), ('192', '1', 'user', 'create', '新增供应商-asfa(#9)', '{\"id\":\"9\",\"nickname\":\"asfa\",\"type\":\"provider\",\"mobile\":\"13433333333\",\"email\":\"\",\"small_avatar\":\"\",\"medium_avatar\":\"\",\"large_avatar\":\"\",\"region_id\":\"2\",\"parent_id\":\"1\",\"about\":null,\"company_name\":\"asfa\",\"company_address\":\"\",\"roles\":[\"ROLE_USER\"],\"locked\":\"0\",\"new_notification_num\":\"0\",\"created_ip\":\"\",\"created_time\":\"1493210636\",\"updated_time\":\"1493210636\",\"login_time\":\"0\",\"login_ip\":\"\"}', '', '1493210636', 'info'), ('193', '1', 'Order', 'create', '新增订单', '{\"id\":\"1\",\"sn\":\"2017042717181724347\",\"status\":\"created\",\"title\":\"sdsaf\",\"total_price\":\"152.00\",\"meta\":null,\"remark\":\"订单备注订单备注订单备注订单备注\",\"serve_start_time\":\"1492149600\",\"serve_end_time\":\"1493197200\",\"serve_arrive_time\":\"1492766100\",\"serve_address\":\"活动地址活动地址活动地址\",\"serve_remark\":\"活动备注活动备注活动备注活动备注\",\"owner_id\":\"1\",\"salesman_id\":\"2\",\"custom_id\":\"1\",\"creator_id\":\"1\",\"created_time\":\"1493284697\",\"updated_time\":\"1493284697\"}', '', '1493284697', 'info'), ('194', '1', 'Order', 'create', '新增订单', '{\"id\":\"2\",\"sn\":\"2017042717183499082\",\"status\":\"created\",\"title\":\"sdsaf\",\"total_price\":\"152.00\",\"meta\":null,\"remark\":\"订单备注订单备注订单备注订单备注\",\"serve_start_time\":\"1492149600\",\"serve_end_time\":\"1493197200\",\"serve_arrive_time\":\"1492766100\",\"serve_address\":\"活动地址活动地址活动地址\",\"serve_remark\":\"活动备注活动备注活动备注活动备注\",\"owner_id\":\"1\",\"salesman_id\":\"2\",\"custom_id\":\"1\",\"creator_id\":\"1\",\"created_time\":\"1493284714\",\"updated_time\":\"1493284714\"}', '', '1493284714', 'info'), ('195', '1', 'Order', 'create', '新增订单', '{\"id\":\"3\",\"sn\":\"2017042717184715711\",\"status\":\"created\",\"title\":\"sdsaf\",\"total_price\":\"152.00\",\"meta\":null,\"remark\":\"订单备注订单备注订单备注订单备注\",\"serve_start_time\":\"1492149600\",\"serve_end_time\":\"1493197200\",\"serve_arrive_time\":\"1492766100\",\"serve_address\":\"活动地址活动地址活动地址\",\"serve_remark\":\"活动备注活动备注活动备注活动备注\",\"owner_id\":\"1\",\"salesman_id\":\"2\",\"custom_id\":\"1\",\"creator_id\":\"1\",\"created_time\":\"1493284727\",\"updated_time\":\"1493284727\"}', '', '1493284727', 'info'), ('196', '1', 'Order', 'create', '新增订单', '{\"id\":\"4\",\"sn\":\"2017042717291736766\",\"status\":\"created\",\"title\":\"sdsaf\",\"total_price\":\"152.00\",\"meta\":null,\"remark\":\"订单备注订单备注订单备注订单备注\",\"serve_start_time\":\"1492149600\",\"serve_end_time\":\"1493197200\",\"serve_arrive_time\":\"1492766100\",\"serve_address\":\"活动地址活动地址活动地址\",\"serve_remark\":\"活动备注活动备注活动备注活动备注\",\"owner_id\":\"1\",\"salesman_id\":\"2\",\"custom_id\":\"1\",\"creator_id\":\"1\",\"created_time\":\"1493285357\",\"updated_time\":\"1493285357\"}', '', '1493285357', 'info'), ('197', '1', 'Order', 'create', '新增订单', '{\"id\":\"5\",\"sn\":\"2017042717293981391\",\"status\":\"created\",\"title\":\"sdsaf\",\"total_price\":\"152.00\",\"meta\":null,\"remark\":\"订单备注订单备注订单备注订单备注\",\"serve_start_time\":\"1492149600\",\"serve_end_time\":\"1493197200\",\"serve_arrive_time\":\"1492766100\",\"serve_address\":\"活动地址活动地址活动地址\",\"serve_remark\":\"活动备注活动备注活动备注活动备注\",\"owner_id\":\"1\",\"salesman_id\":\"2\",\"custom_id\":\"1\",\"creator_id\":\"1\",\"created_time\":\"1493285379\",\"updated_time\":\"1493285379\"}', '', '1493285379', 'info'), ('198', '1', 'Order', 'create', '新增订单', '{\"id\":\"6\",\"sn\":\"2017042717310336101\",\"status\":\"created\",\"title\":\"sdsaf\",\"total_price\":\"152.00\",\"meta\":null,\"remark\":\"订单备注订单备注订单备注订单备注\",\"serve_start_time\":\"1492149600\",\"serve_end_time\":\"1493197200\",\"serve_arrive_time\":\"1492766100\",\"serve_address\":\"活动地址活动地址活动地址\",\"serve_remark\":\"活动备注活动备注活动备注活动备注\",\"owner_id\":\"1\",\"salesman_id\":\"2\",\"custom_id\":\"1\",\"creator_id\":\"1\",\"created_time\":\"1493285463\",\"updated_time\":\"1493285463\"}', '', '1493285463', 'info'), ('199', '1', 'Order', 'create', '新增订单', '{\"id\":\"7\",\"sn\":\"2017042717393645428\",\"status\":\"created\",\"title\":\"sdsaf\",\"total_price\":\"152.00\",\"meta\":null,\"remark\":\"订单备注订单备注订单备注订单备注\",\"serve_start_time\":\"1492149600\",\"serve_end_time\":\"1493197200\",\"serve_arrive_time\":\"1492766100\",\"serve_address\":\"活动地址活动地址活动地址\",\"serve_remark\":\"活动备注活动备注活动备注活动备注\",\"owner_id\":\"1\",\"salesman_id\":\"2\",\"custom_id\":\"1\",\"creator_id\":\"1\",\"created_time\":\"1493285976\",\"updated_time\":\"1493285976\"}', '', '1493285976', 'info'), ('200', '1', 'Order', 'create', '新增订单', '{\"id\":\"8\",\"sn\":\"2017042717395850507\",\"status\":\"created\",\"title\":\"sdsaf\",\"total_price\":\"152.00\",\"meta\":null,\"remark\":\"订单备注订单备注订单备注订单备注\",\"serve_start_time\":\"1492149600\",\"serve_end_time\":\"1493197200\",\"serve_arrive_time\":\"1492766100\",\"serve_address\":\"活动地址活动地址活动地址\",\"serve_remark\":\"活动备注活动备注活动备注活动备注\",\"owner_id\":\"1\",\"salesman_id\":\"2\",\"custom_id\":\"1\",\"creator_id\":\"1\",\"created_time\":\"1493285998\",\"updated_time\":\"1493285998\"}', '', '1493285998', 'info'), ('201', '1', 'Order', 'create', '新增订单', '{\"id\":\"9\",\"sn\":\"2017042717424327098\",\"status\":\"created\",\"title\":\"sdsaf\",\"total_price\":\"152.00\",\"meta\":null,\"remark\":\"订单备注订单备注订单备注订单备注\",\"serve_start_time\":\"1492149600\",\"serve_end_time\":\"1493197200\",\"serve_arrive_time\":\"1492766100\",\"serve_address\":\"活动地址活动地址活动地址\",\"serve_remark\":\"活动备注活动备注活动备注活动备注\",\"owner_id\":\"1\",\"salesman_id\":\"2\",\"custom_id\":\"1\",\"creator_id\":\"1\",\"created_time\":\"1493286163\",\"updated_time\":\"1493286163\"}', '', '1493286163', 'info'), ('202', '1', 'Order', 'create', '新增订单', '{\"id\":\"10\",\"sn\":\"2017042717454169727\",\"status\":\"created\",\"title\":\"sdsaf\",\"total_price\":\"152.00\",\"meta\":[],\"remark\":\"订单备注订单备注订单备注订单备注\",\"serve_start_time\":\"1492149600\",\"serve_end_time\":\"1493197200\",\"serve_arrive_time\":\"1492766100\",\"serve_address\":\"活动地址活动地址活动地址\",\"serve_remark\":\"活动备注活动备注活动备注活动备注\",\"owner_id\":\"1\",\"salesman_id\":\"2\",\"custom_id\":\"1\",\"creator_id\":\"1\",\"created_time\":\"1493286341\",\"updated_time\":\"1493286341\"}', '', '1493286341', 'info'), ('203', '1', 'Order', 'create', '新增订单', '{\"id\":\"11\",\"sn\":\"2017042717461389756\",\"status\":\"created\",\"title\":\"sdsaf\",\"total_price\":\"152.00\",\"meta\":[],\"remark\":\"订单备注订单备注订单备注订单备注\",\"serve_start_time\":\"1492149600\",\"serve_end_time\":\"1493197200\",\"serve_arrive_time\":\"1492766100\",\"serve_address\":\"活动地址活动地址活动地址\",\"serve_remark\":\"活动备注活动备注活动备注活动备注\",\"owner_id\":\"1\",\"salesman_id\":\"2\",\"custom_id\":\"1\",\"creator_id\":\"1\",\"created_time\":\"1493286373\",\"updated_time\":\"1493286373\"}', '', '1493286373', 'info'), ('204', '1', 'Order', 'create', '新增订单', '{\"id\":\"12\",\"sn\":\"2017042717515476491\",\"status\":\"created\",\"title\":\"sdsaf\",\"total_price\":\"152.00\",\"meta\":[],\"remark\":\"订单备注订单备注订单备注订单备注\",\"serve_start_time\":\"1492149600\",\"serve_end_time\":\"1493197200\",\"serve_arrive_time\":\"1492766100\",\"serve_address\":\"活动地址活动地址活动地址\",\"serve_remark\":\"活动备注活动备注活动备注活动备注\",\"owner_id\":\"1\",\"salesman_id\":\"2\",\"custom_id\":\"1\",\"creator_id\":\"1\",\"created_time\":\"1493286714\",\"updated_time\":\"1493286714\"}', '', '1493286714', 'info'), ('205', '1', 'Order', 'create', '新增订单', '{\"id\":\"13\",\"sn\":\"2017042717523074585\",\"status\":\"created\",\"title\":\"sdsaf\",\"total_price\":\"152.00\",\"meta\":[],\"remark\":\"订单备注订单备注订单备注订单备注\",\"serve_start_time\":\"1492149600\",\"serve_end_time\":\"1493197200\",\"serve_arrive_time\":\"1492766100\",\"serve_address\":\"活动地址活动地址活动地址\",\"serve_remark\":\"活动备注活动备注活动备注活动备注\",\"owner_id\":\"1\",\"salesman_id\":\"2\",\"custom_id\":\"1\",\"creator_id\":\"1\",\"created_time\":\"1493286750\",\"updated_time\":\"1493286750\"}', '', '1493286750', 'info'), ('206', '1', 'Order', 'create', '新增订单', '{\"id\":\"14\",\"sn\":\"2017042717540146451\",\"status\":\"created\",\"title\":\"sdsaf\",\"total_price\":\"152.00\",\"meta\":{\"product_total_price\":\"8.4\",\"facility_total_price\":\"0\",\"resource_total_price\":\"120\",\"tax_price\":\"12.8\",\"service_price\":\"12.8\"},\"remark\":\"订单备注订单备注订单备注订单备注\",\"serve_start_time\":\"1492149600\",\"serve_end_time\":\"1493197200\",\"serve_arrive_time\":\"1492766100\",\"serve_address\":\"活动地址活动地址活动地址\",\"serve_remark\":\"活动备注活动备注活动备注活动备注\",\"owner_id\":\"1\",\"salesman_id\":\"2\",\"custom_id\":\"1\",\"creator_id\":\"1\",\"created_time\":\"1493286841\",\"updated_time\":\"1493286841\"}', '', '1493286841', 'info'), ('207', '1', 'Order', 'create', '新增订单', '{\"id\":\"15\",\"sn\":\"2017042717561931950\",\"status\":\"created\",\"title\":\"sdsaf\",\"total_price\":\"152.00\",\"meta\":{\"product_total_price\":\"8.4\",\"facility_total_price\":\"0\",\"resource_total_price\":\"120\",\"tax_price\":\"12.8\",\"service_price\":\"12.8\"},\"remark\":\"订单备注订单备注订单备注订单备注\",\"serve_start_time\":\"1492149600\",\"serve_end_time\":\"1493197200\",\"serve_arrive_time\":\"1492766100\",\"serve_address\":\"活动地址活动地址活动地址\",\"serve_remark\":\"活动备注活动备注活动备注活动备注\",\"owner_id\":\"1\",\"salesman_id\":\"2\",\"custom_id\":\"1\",\"creator_id\":\"1\",\"created_time\":\"1493286979\",\"updated_time\":\"1493286979\"}', '', '1493286979', 'info'), ('208', '1', 'Order', 'create', '新增订单', '{\"id\":\"16\",\"sn\":\"2017042717572928141\",\"status\":\"created\",\"title\":\"asfasdf\",\"total_price\":\"145.00\",\"meta\":{\"product_total_price\":\"1\",\"facility_total_price\":\"0\",\"resource_total_price\":\"120\",\"tax_price\":\"12.1\",\"service_price\":\"12.1\"},\"remark\":\"\",\"serve_start_time\":\"1492048800\",\"serve_end_time\":\"1491944400\",\"serve_arrive_time\":\"1491360600\",\"serve_address\":\"sfasdf\",\"serve_remark\":\"asdfasdf\",\"owner_id\":\"1\",\"salesman_id\":\"2\",\"custom_id\":\"1\",\"creator_id\":\"1\",\"created_time\":\"1493287049\",\"updated_time\":\"1493287049\"}', '', '1493287049', 'info'), ('209', '1', 'Order', 'create', '新增订单', '{\"id\":\"17\",\"sn\":\"2017042718011021965\",\"status\":\"created\",\"title\":\"阿萨德法师打发\",\"total_price\":\"145.00\",\"meta\":{\"product_total_price\":\"1\",\"facility_total_price\":\"0\",\"resource_total_price\":\"120\",\"tax_price\":\"12.1\",\"service_price\":\"12.1\"},\"remark\":\"\",\"serve_start_time\":\"1490824800\",\"serve_end_time\":\"1491339600\",\"serve_arrive_time\":\"1491522900\",\"serve_address\":\"a\'s\'d\'fa\'s\",\"serve_remark\":\"阿斯顿发顺丰\",\"owner_id\":\"1\",\"salesman_id\":\"2\",\"custom_id\":\"1\",\"creator_id\":\"1\",\"created_time\":\"1493287270\",\"updated_time\":\"1493287270\"}', '', '1493287270', 'info'), ('210', '1', 'Order', 'delete', '删除订单', '', '', '1493300834', 'info'), ('211', '1', 'Order', 'create', '新增订单', '{\"id\":\"18\",\"sn\":\"2017042721494697903\",\"status\":\"created\",\"title\":\"测试订单1\",\"total_price\":\"293.00\",\"meta\":{\"product_total_price\":\"14.2\",\"facility_total_price\":\"111\",\"resource_total_price\":\"120\",\"tax_price\":\"24.5\",\"service_price\":\"24.5\"},\"remark\":\"\",\"serve_start_time\":\"1491534000\",\"serve_end_time\":\"1492596000\",\"serve_arrive_time\":\"1491521700\",\"serve_address\":\"是暂时的分\",\"serve_remark\":\"富商大贾\",\"owner_id\":\"1\",\"salesman_id\":\"2\",\"custom_id\":\"1\",\"creator_id\":\"1\",\"created_time\":\"1493300986\",\"updated_time\":\"1493300986\"}', '', '1493300986', 'info'), ('212', '1', 'Order', 'update', '更新订单', '{\"id\":\"18\",\"sn\":\"2017042721494697903\",\"status\":\"created\",\"title\":\"测试订单1\",\"total_price\":\"293.00\",\"meta\":{\"product_total_price\":\"14.2\",\"facility_total_price\":\"111\",\"resource_total_price\":\"120\",\"tax_price\":\"24.5\",\"service_price\":\"24.5\"},\"remark\":\"\",\"serve_start_time\":\"1491534000\",\"serve_end_time\":\"1492552800\",\"serve_arrive_time\":\"1491521700\",\"serve_address\":\"是暂时的分\",\"serve_remark\":\"富商大贾\",\"owner_id\":\"1\",\"salesman_id\":\"2\",\"custom_id\":\"1\",\"creator_id\":\"1\",\"created_time\":\"1493300986\",\"updated_time\":\"1493302501\"}', '', '1493302501', 'info'), ('213', '1', 'Order', 'update', '更新订单', '{\"id\":\"18\",\"sn\":\"2017042721494697903\",\"status\":\"created\",\"title\":\"测试订单1\",\"total_price\":\"295.00\",\"meta\":{\"product_total_price\":\"14.2\",\"facility_total_price\":\"111\",\"resource_total_price\":\"120\",\"tax_price\":\"24.5\",\"service_price\":\"24.5\"},\"remark\":\"\",\"serve_start_time\":\"1491534000\",\"serve_end_time\":\"1492552800\",\"serve_arrive_time\":\"1491521700\",\"serve_address\":\"是暂时的分\",\"serve_remark\":\"富商大贾\",\"owner_id\":\"1\",\"salesman_id\":\"2\",\"custom_id\":\"1\",\"creator_id\":\"1\",\"created_time\":\"1493300986\",\"updated_time\":\"1493302509\"}', '', '1493302509', 'info'), ('214', '1', 'Order', 'update', '更新订单', '{\"id\":\"18\",\"sn\":\"2017042721494697903\",\"status\":\"created\",\"title\":\"测试订单1\",\"total_price\":\"289.00\",\"meta\":{\"product_total_price\":\"14.2\",\"facility_total_price\":\"111\",\"resource_total_price\":\"120\",\"tax_price\":\"24.5\",\"service_price\":\"24.5\"},\"remark\":\"\",\"serve_start_time\":\"1491534000\",\"serve_end_time\":\"1492552800\",\"serve_arrive_time\":\"1491521700\",\"serve_address\":\"是暂时的分\",\"serve_remark\":\"富商大贾\",\"owner_id\":\"1\",\"salesman_id\":\"2\",\"custom_id\":\"1\",\"creator_id\":\"1\",\"created_time\":\"1493300986\",\"updated_time\":\"1493302523\"}', '', '1493302523', 'info'), ('215', '1', 'Order', 'update', '更新订单', '{\"id\":\"18\",\"sn\":\"2017042721494697903\",\"status\":\"created\",\"title\":\"测试订单1\",\"total_price\":\"289.00\",\"meta\":{\"product_total_price\":\"14.2\",\"facility_total_price\":\"111\",\"resource_total_price\":\"120\",\"tax_price\":\"24.5\",\"service_price\":\"24.5\"},\"remark\":\"\",\"serve_start_time\":\"1491534000\",\"serve_end_time\":\"1492552800\",\"serve_arrive_time\":\"1491521700\",\"serve_address\":\"是暂时的分\",\"serve_remark\":\"富商大贾\",\"owner_id\":\"1\",\"salesman_id\":\"2\",\"custom_id\":\"1\",\"creator_id\":\"1\",\"created_time\":\"1493300986\",\"updated_time\":\"1493304507\"}', '', '1493304507', 'info'), ('216', '1', 'Order', 'update', '更新订单', '{\"id\":\"18\",\"sn\":\"2017042721494697903\",\"status\":\"created\",\"title\":\"测试订单1\",\"total_price\":\"289.00\",\"meta\":{\"product_total_price\":\"14.2\",\"facility_total_price\":\"111\",\"resource_total_price\":\"120\",\"tax_price\":\"24.5\",\"service_price\":\"24.5\"},\"remark\":\"\",\"serve_start_time\":\"1491534000\",\"serve_end_time\":\"1492552800\",\"serve_arrive_time\":\"1491521700\",\"serve_address\":\"是暂时的分\",\"serve_remark\":\"富商大贾\",\"owner_id\":\"1\",\"salesman_id\":\"2\",\"custom_id\":\"1\",\"creator_id\":\"1\",\"created_time\":\"1493300986\",\"updated_time\":\"1493304512\"}', '', '1493304512', 'info'), ('217', '1', 'Order', 'update', '更新订单', '{\"id\":\"18\",\"sn\":\"2017042721494697903\",\"status\":\"created\",\"title\":\"测试订单1\",\"total_price\":\"289.00\",\"meta\":{\"product_total_price\":\"14.2\",\"facility_total_price\":\"111\",\"resource_total_price\":\"120\",\"tax_price\":\"24.5\",\"service_price\":\"24.5\"},\"remark\":\"\",\"serve_start_time\":\"1491534000\",\"serve_end_time\":\"1492552800\",\"serve_arrive_time\":\"1491521700\",\"serve_address\":\"是暂时的分\",\"serve_remark\":\"富商大贾\",\"owner_id\":\"1\",\"salesman_id\":\"2\",\"custom_id\":\"1\",\"creator_id\":\"1\",\"created_time\":\"1493300986\",\"updated_time\":\"1493304524\"}', '', '1493304524', 'info'), ('218', '1', 'Order', 'update', '更新订单状态', '{\"id\":\"18\",\"sn\":\"2017042721494697903\",\"status\":\"serving\",\"title\":\"测试订单1\",\"total_price\":\"289.00\",\"meta\":{\"product_total_price\":\"14.2\",\"facility_total_price\":\"111\",\"resource_total_price\":\"120\",\"tax_price\":\"24.5\",\"service_price\":\"24.5\"},\"remark\":\"\",\"serve_start_time\":\"1491534000\",\"serve_end_time\":\"1492552800\",\"serve_arrive_time\":\"1491521700\",\"serve_address\":\"是暂时的分\",\"serve_remark\":\"富商大贾\",\"owner_id\":\"1\",\"salesman_id\":\"2\",\"custom_id\":\"1\",\"creator_id\":\"1\",\"created_time\":\"1493300986\",\"updated_time\":\"1493304638\"}', '', '1493304638', 'info'), ('219', '1', 'Order', 'update', '更新订单状态', '{\"id\":\"18\",\"sn\":\"2017042721494697903\",\"status\":\"canceled\",\"title\":\"测试订单1\",\"total_price\":\"289.00\",\"meta\":{\"product_total_price\":\"14.2\",\"facility_total_price\":\"111\",\"resource_total_price\":\"120\",\"tax_price\":\"24.5\",\"service_price\":\"24.5\"},\"remark\":\"\",\"serve_start_time\":\"1491534000\",\"serve_end_time\":\"1492552800\",\"serve_arrive_time\":\"1491521700\",\"serve_address\":\"是暂时的分\",\"serve_remark\":\"富商大贾\",\"owner_id\":\"1\",\"salesman_id\":\"2\",\"custom_id\":\"1\",\"creator_id\":\"1\",\"created_time\":\"1493300986\",\"updated_time\":\"1493304640\"}', '', '1493304640', 'info'), ('220', '1', 'Order', 'update', '更新订单状态', '{\"id\":\"18\",\"sn\":\"2017042721494697903\",\"status\":\"finished\",\"title\":\"测试订单1\",\"total_price\":\"289.00\",\"meta\":{\"product_total_price\":\"14.2\",\"facility_total_price\":\"111\",\"resource_total_price\":\"120\",\"tax_price\":\"24.5\",\"service_price\":\"24.5\"},\"remark\":\"\",\"serve_start_time\":\"1491534000\",\"serve_end_time\":\"1492552800\",\"serve_arrive_time\":\"1491521700\",\"serve_address\":\"是暂时的分\",\"serve_remark\":\"富商大贾\",\"owner_id\":\"1\",\"salesman_id\":\"2\",\"custom_id\":\"1\",\"creator_id\":\"1\",\"created_time\":\"1493300986\",\"updated_time\":\"1493304643\"}', '', '1493304643', 'info'), ('221', '1', 'Order', 'update', '更新订单状态', '{\"id\":\"18\",\"sn\":\"2017042721494697903\",\"status\":\"closed\",\"title\":\"测试订单1\",\"total_price\":\"289.00\",\"meta\":{\"product_total_price\":\"14.2\",\"facility_total_price\":\"111\",\"resource_total_price\":\"120\",\"tax_price\":\"24.5\",\"service_price\":\"24.5\"},\"remark\":\"\",\"serve_start_time\":\"1491534000\",\"serve_end_time\":\"1492552800\",\"serve_arrive_time\":\"1491521700\",\"serve_address\":\"是暂时的分\",\"serve_remark\":\"富商大贾\",\"owner_id\":\"1\",\"salesman_id\":\"2\",\"custom_id\":\"1\",\"creator_id\":\"1\",\"created_time\":\"1493300986\",\"updated_time\":\"1493304645\"}', '', '1493304645', 'info'), ('222', '1', 'Order', 'update', '更新订单状态', '{\"id\":\"18\",\"sn\":\"2017042721494697903\",\"status\":\"canceled\",\"title\":\"测试订单1\",\"total_price\":\"289.00\",\"meta\":{\"product_total_price\":\"14.2\",\"facility_total_price\":\"111\",\"resource_total_price\":\"120\",\"tax_price\":\"24.5\",\"service_price\":\"24.5\"},\"remark\":\"\",\"serve_start_time\":\"1491534000\",\"serve_end_time\":\"1492552800\",\"serve_arrive_time\":\"1491521700\",\"serve_address\":\"是暂时的分\",\"serve_remark\":\"富商大贾\",\"owner_id\":\"1\",\"salesman_id\":\"2\",\"custom_id\":\"1\",\"creator_id\":\"1\",\"created_time\":\"1493300986\",\"updated_time\":\"1493304647\"}', '', '1493304647', 'info'), ('223', '1', 'Order', 'update', '更新订单状态', '{\"id\":\"18\",\"sn\":\"2017042721494697903\",\"status\":\"created\",\"title\":\"测试订单1\",\"total_price\":\"289.00\",\"meta\":{\"product_total_price\":\"14.2\",\"facility_total_price\":\"111\",\"resource_total_price\":\"120\",\"tax_price\":\"24.5\",\"service_price\":\"24.5\"},\"remark\":\"\",\"serve_start_time\":\"1491534000\",\"serve_end_time\":\"1492552800\",\"serve_arrive_time\":\"1491521700\",\"serve_address\":\"是暂时的分\",\"serve_remark\":\"富商大贾\",\"owner_id\":\"1\",\"salesman_id\":\"2\",\"custom_id\":\"1\",\"creator_id\":\"1\",\"created_time\":\"1493300986\",\"updated_time\":\"1493304924\"}', '', '1493304924', 'info'), ('224', '1', 'Order', 'update', '更新订单状态', '{\"id\":\"18\",\"sn\":\"2017042721494697903\",\"status\":\"created\",\"title\":\"测试订单1\",\"total_price\":\"289.00\",\"meta\":{\"product_total_price\":\"14.2\",\"facility_total_price\":\"111\",\"resource_total_price\":\"120\",\"tax_price\":\"24.5\",\"service_price\":\"24.5\"},\"remark\":\"\",\"serve_start_time\":\"1491534000\",\"serve_end_time\":\"1492552800\",\"serve_arrive_time\":\"1491521700\",\"serve_address\":\"是暂时的分\",\"serve_remark\":\"富商大贾\",\"owner_id\":\"1\",\"salesman_id\":\"2\",\"custom_id\":\"1\",\"creator_id\":\"1\",\"created_time\":\"1493300986\",\"updated_time\":\"1493304926\"}', '', '1493304926', 'info'), ('225', '1', 'custom', 'undelete', '回收客户-sadfasdf(#2)', '', '', '1493308399', 'info'), ('226', '1', 'user', 'login_success', 'admin登录成功', '', '', '1493309922', 'info'), ('227', '1', 'stock', 'update', '更新库存(#3)', '{\"id\":\"3\",\"goods_id\":\"10\",\"name\":\"产品2\",\"group_code\":\"product\",\"category_id\":\"6\",\"provider_id\":\"4\",\"amount\":\"0\",\"min_amount\":\"30\",\"is_warning\":\"1\",\"seq\":\"0\",\"owner_id\":\"1\",\"is_deleted\":\"0\",\"created_time\":\"1492357435\"}', '', '1493311624', 'info'), ('228', '1', 'goods-set', 'disable', '禁用套餐-套餐1(#1)', '', '', '1493312128', 'info'), ('229', '1', 'goods-set', 'enable', '启用套餐-套餐1(#1)', '', '', '1493312130', 'info'), ('230', '1', 'stock', 'update', '更新库存(#3)', '{\"id\":\"3\",\"goods_id\":\"10\",\"name\":\"产品2\",\"group_code\":\"product\",\"category_id\":\"6\",\"provider_id\":\"4\",\"amount\":\"10\",\"min_amount\":\"30\",\"is_warning\":\"1\",\"seq\":\"0\",\"owner_id\":\"1\",\"is_deleted\":\"0\",\"created_time\":\"1492357435\"}', '', '1493314487', 'info'), ('231', '1', 'stock', 'update', '更新库存(#3)', '{\"id\":\"3\",\"goods_id\":\"10\",\"name\":\"产品2\",\"group_code\":\"product\",\"category_id\":\"6\",\"provider_id\":\"4\",\"amount\":\"10\",\"min_amount\":\"30\",\"is_warning\":\"1\",\"seq\":\"0\",\"owner_id\":\"1\",\"is_deleted\":\"0\",\"created_time\":\"1492357435\"}', '', '1493315153', 'info'), ('232', '1', 'stock', 'update', '更新库存(#3)', '{\"id\":\"3\",\"goods_id\":\"10\",\"name\":\"产品2\",\"group_code\":\"product\",\"category_id\":\"6\",\"provider_id\":\"4\",\"amount\":\"0\",\"min_amount\":\"30\",\"is_warning\":\"1\",\"seq\":\"0\",\"owner_id\":\"1\",\"is_deleted\":\"0\",\"created_time\":\"1492357435\"}', '', '1493315162', 'info'), ('233', '1', 'user', 'login_success', 'admin登录成功', '', '', '1493385243', 'info'), ('234', '1', 'user', 'update', '更新加盟商-默认销售员(#2)资料', '{\"id\":\"2\",\"nickname\":\"默认销售员\",\"type\":\"alias\",\"mobile\":\"13888888888\",\"email\":\"qq@qq.com\",\"small_avatar\":\"\",\"medium_avatar\":\"\",\"large_avatar\":\"\",\"region_id\":\"2\",\"parent_id\":\"1\",\"about\":null,\"company_name\":\"默认销售员\",\"company_address\":\"\",\"roles\":[\"ROLE_SALESMAN\"],\"locked\":\"0\",\"new_notification_num\":\"0\",\"created_ip\":\"\",\"created_time\":\"1493200279\",\"updated_time\":\"1493682946\",\"login_time\":\"0\",\"login_ip\":\"\"}', '', '1493682946', 'info'), ('235', '1', 'user', 'login_success', 'admin登录成功', '', '', '1493716937', 'info'), ('236', '1', 'goods', 'create', '新增产品-saf(#11)', '{\"id\":\"11\",\"name\":\"saf\",\"category_id\":\"1\",\"small_picture\":\"public:\\/\\/default\\/2017\\/05-04\\/2017504092318-68rvn0_small.png\",\"medium_picture\":\"public:\\/\\/default\\/2017\\/05-04\\/2017504092318-68rvn0_medium.png\",\"large_picture\":\"public:\\/\\/default\\/2017\\/05-04\\/2017504092318-68rvn0_large.png\",\"spell_code\":\"saf\",\"spec\":\"asf\",\"unit\":\"asf\",\"ingredient\":\"\",\"cost_price\":\"0.00\",\"sale_price\":\"0.00\",\"seq\":\"0\",\"provider_id\":\"4\",\"about\":\"\",\"group_code\":\"product\",\"owner_id\":\"1\",\"owner_region_id\":\"2\",\"created_time\":\"1493860999\",\"updated_time\":\"1493860999\",\"is_deleted\":\"0\"}', '', '1493860999', 'info'), ('237', '1', 'goods', 'delete', '删除产品-saf(#11)', '', '', '1493876204', 'info'), ('238', '1', 'goods', 'true_delete', '彻底删除产品-saf(#11)', '', '', '1493876456', 'info');
INSERT INTO `log` VALUES ('239', '1', 'goods', 'create', '新增产品-啊发顺丰(#12)', '{\"id\":\"12\",\"name\":\"啊发顺丰\",\"category_id\":\"45\",\"small_picture\":\"\",\"medium_picture\":\"\",\"large_picture\":\"\",\"spell_code\":\"afashunfeng\",\"spec\":\"af\",\"unit\":\"af\",\"ingredient\":\"\",\"cost_price\":\"0.00\",\"sale_price\":\"0.00\",\"seq\":\"0\",\"provider_id\":\"4\",\"about\":\"\",\"group_code\":\"product\",\"owner_id\":\"1\",\"owner_region_id\":\"2\",\"created_time\":\"1493878120\",\"updated_time\":\"1493878120\",\"is_deleted\":\"0\"}', '', '1493878120', 'info'), ('240', '1', 'region', 'create', '新增角色', '{\"id\":\"5\",\"name\":\"库存管理员\",\"code\":\"ROLE_KUCUNGUANLIYUAN\",\"access_rules\":[\"\\/goods\\/group\\/product\",\"\\/goods\\/group\\/facility\",\"\\/stock\",\"\\/goods_set\",\"\\/goods_category\\/group\\/product\"],\"owner_id\":\"1\",\"is_system\":\"0\"}', '', '1493878986', 'info'), ('241', '1', 'user', 'create', '新增子账户-孙悟空(#5)', '{\"id\":\"5\",\"nickname\":\"孙悟空\",\"type\":\"alias-subuser\",\"mobile\":\"057188888888\",\"email\":\"\",\"small_avatar\":\"\",\"medium_avatar\":\"\",\"large_avatar\":\"\",\"region_id\":\"2\",\"parent_id\":\"1\",\"about\":null,\"company_name\":\"孙悟空\",\"company_address\":\"\",\"roles\":[\"ROLE_KUCUNGUANLIYUAN\"],\"locked\":\"0\",\"new_notification_num\":\"0\",\"created_ip\":\"\",\"created_time\":\"1493879511\",\"updated_time\":\"1493879511\",\"login_time\":\"0\",\"login_ip\":\"\"}', '', '1493879511', 'info'), ('242', '5', 'user', 'login_success', 'admin:孙悟空登录成功', '', '', '1493879543', 'info'), ('243', '1', 'Order', 'delete', '删除订单', '', '', '1493880067', 'info'), ('244', '1', 'Order', 'create', '新增订单', '{\"id\":\"19\",\"sn\":\"2017050414535624810\",\"status\":\"created\",\"title\":\"测试测试\",\"total_price\":\"1604.00\",\"meta\":{\"transport_range\":\"30公里以内\",\"transport_price\":\"600\",\"transport_amount\":\"2\",\"rent_price\":\"500\",\"rent_amount\":\"1\",\"product_total_price\":\"18\",\"resource_total_price\":\"120\",\"transport_total_price\":\"1200\",\"rent_total_price\":\"0\",\"tax_price\":\"133.8\",\"service_price\":\"133.8\"},\"remark\":\"\",\"serve_start_time\":\"1493836860\",\"serve_end_time\":\"1493836860\",\"serve_arrive_time\":\"1493836860\",\"serve_address\":\"阿法士大夫\",\"serve_remark\":\"\",\"owner_id\":\"1\",\"salesman_id\":\"2\",\"custom_id\":\"1\",\"creator_id\":\"1\",\"created_time\":\"1493880836\",\"updated_time\":\"1493880836\"}', '', '1493880836', 'info'), ('245', '1', 'Order', 'update', '更新订单', '{\"id\":\"19\",\"sn\":\"2017050414535624810\",\"status\":\"created\",\"title\":\"测试测试\",\"total_price\":\"1604.00\",\"meta\":{\"transport_range\":\"30公里以内\",\"transport_price\":\"600\",\"transport_amount\":\"2\",\"rent_price\":\"500\",\"rent_amount\":\"1\",\"product_total_price\":\"18\",\"resource_total_price\":\"120\",\"transport_total_price\":\"1200\",\"rent_total_price\":\"0\",\"tax_price\":\"133.8\",\"service_price\":\"133.8\"},\"remark\":\"\",\"serve_start_time\":\"1493836860\",\"serve_end_time\":\"1493836860\",\"serve_arrive_time\":\"1493836860\",\"serve_address\":\"阿法士大夫\",\"serve_remark\":\"\",\"owner_id\":\"1\",\"salesman_id\":\"2\",\"custom_id\":\"1\",\"creator_id\":\"1\",\"created_time\":\"1493880836\",\"updated_time\":\"1493880933\"}', '', '1493880933', 'info'), ('246', '1', 'user', 'create', '新增子账户-猪八戒(#6)', '{\"id\":\"6\",\"nickname\":\"猪八戒\",\"type\":\"alias-subuser\",\"mobile\":\"33333333\",\"email\":\"\",\"small_avatar\":\"\",\"medium_avatar\":\"\",\"large_avatar\":\"\",\"region_id\":\"2\",\"parent_id\":\"1\",\"about\":null,\"company_name\":\"猪八戒\",\"company_address\":\"\",\"roles\":[\"ROLE_KUCUNGUANLIYUAN\"],\"locked\":\"0\",\"new_notification_num\":\"0\",\"created_ip\":\"\",\"created_time\":\"1493881810\",\"updated_time\":\"1493881810\",\"login_time\":\"0\",\"login_ip\":\"\"}', '', '1493881810', 'info'), ('247', '6', 'user', 'login_success', 'admin:猪八戒登录成功', '', '', '1493881828', 'info'), ('248', '1', 'user', 'create', '新增子账户-猪八戒(#7)', '{\"id\":\"7\",\"nickname\":\"猪八戒\",\"type\":\"alias-subuser\",\"mobile\":\"44444444\",\"email\":\"\",\"small_avatar\":\"\",\"medium_avatar\":\"\",\"large_avatar\":\"\",\"region_id\":\"2\",\"parent_id\":\"1\",\"about\":null,\"company_name\":\"猪八戒\",\"company_address\":\"\",\"roles\":[\"ROLE_KUCUNGUANLIYUAN\"],\"locked\":\"0\",\"new_notification_num\":\"0\",\"created_ip\":\"\",\"created_time\":\"1493881883\",\"updated_time\":\"1493881883\",\"login_time\":\"0\",\"login_ip\":\"\"}', '', '1493881883', 'info'), ('249', '7', 'user', 'login_success', 'admin:猪八戒登录成功', '', '', '1493882226', 'info'), ('250', '7', 'user', 'login_success', 'admin:猪八戒登录成功', '', '', '1493882493', 'info'), ('251', '1', 'user', 'create', '新增子账户-猪八戒1(#8)', '{\"id\":\"8\",\"nickname\":\"猪八戒1\",\"type\":\"alias-subuser\",\"mobile\":\"111111\",\"email\":\"\",\"small_avatar\":\"\",\"medium_avatar\":\"\",\"large_avatar\":\"\",\"region_id\":\"2\",\"parent_id\":\"1\",\"about\":null,\"company_name\":\"猪八戒1\",\"company_address\":\"\",\"roles\":[\"ROLE_KUCUNGUANLIYUAN\",\"ROLE_USER\"],\"locked\":\"0\",\"new_notification_num\":\"0\",\"created_ip\":\"\",\"created_time\":\"1493882628\",\"updated_time\":\"1493882628\",\"login_time\":\"0\",\"login_ip\":\"\"}', '', '1493882628', 'info'), ('252', '8', 'user', 'login_success', 'admin:猪八戒1登录成功', '', '', '1493882651', 'info'), ('253', '1', 'user', 'login_success', 'admin登录成功', '', '', '1493885414', 'info'), ('254', '1', 'Order', 'update', '更新订单', '{\"id\":\"19\",\"sn\":\"2017050414535624810\",\"status\":\"created\",\"title\":\"测试测试\",\"total_price\":\"1679.83\",\"meta\":{\"transport_range\":\"30公里以内\",\"transport_price\":\"600\",\"transport_amount\":\"2\",\"rent_price\":\"500\",\"rent_amount\":\"1\",\"product_total_price\":\"18\",\"resource_total_price\":\"120\",\"transport_total_price\":\"1200\",\"rent_total_price\":\"0\",\"tax_price\":\"133.8\",\"service_price\":\"133.8\"},\"remark\":\"\",\"serve_start_time\":\"1493836860\",\"serve_end_time\":\"1493836860\",\"serve_arrive_time\":\"1493836860\",\"serve_address\":\"阿法士大夫\",\"serve_remark\":\"\",\"owner_id\":\"1\",\"salesman_id\":\"2\",\"custom_id\":\"1\",\"creator_id\":\"1\",\"created_time\":\"1493880836\",\"updated_time\":\"1493891151\"}', '', '1493891151', 'info'), ('255', '1', 'Order', 'delete', '删除订单', '', '', '1493891164', 'info'), ('256', '1', 'Order', 'create', '新增订单', '{\"id\":\"20\",\"sn\":\"2017050417500027413\",\"status\":\"created\",\"title\":\"测试订单\",\"total_price\":\"387.24\",\"meta\":{\"transport_range\":\"30公里以内\",\"transport_price\":\"100\",\"transport_amount\":\"1\",\"rent_price\":\"100\",\"rent_amount\":\"1\",\"product_total_price\":\"2.7\",\"resource_total_price\":\"120\",\"transport_total_price\":\"100\",\"rent_total_price\":\"100\",\"tax_price\":\"32.27\",\"service_price\":\"32.27\"},\"remark\":\"\",\"serve_start_time\":\"1493847960\",\"serve_end_time\":\"1493847960\",\"serve_arrive_time\":\"1493847960\",\"serve_address\":\"奥术大师多\",\"serve_remark\":\"\",\"owner_id\":\"1\",\"salesman_id\":\"2\",\"custom_id\":\"1\",\"creator_id\":\"1\",\"created_time\":\"1493891400\",\"updated_time\":\"1493891400\"}', '', '1493891400', 'info'), ('257', '1', 'Order', 'update', '更新订单', '{\"id\":\"20\",\"sn\":\"2017050417500027413\",\"status\":\"created\",\"title\":\"测试订单\",\"total_price\":\"387.24\",\"meta\":{\"transport_range\":\"30公里以内\",\"transport_price\":\"100\",\"transport_amount\":\"1\",\"rent_price\":\"100\",\"rent_amount\":\"1\",\"product_total_price\":\"2.7\",\"resource_total_price\":\"120\",\"transport_total_price\":\"100\",\"rent_total_price\":\"100\",\"tax_price\":\"32.27\",\"service_price\":\"32.27\"},\"remark\":\"\",\"serve_start_time\":\"1493847960\",\"serve_end_time\":\"1493847960\",\"serve_arrive_time\":\"1493847960\",\"serve_address\":\"奥术大师多\",\"serve_remark\":\"\",\"owner_id\":\"1\",\"salesman_id\":\"2\",\"custom_id\":\"1\",\"creator_id\":\"1\",\"created_time\":\"1493891400\",\"updated_time\":\"1493905253\"}', '', '1493905253', 'info'), ('258', '1', 'Order', 'update', '更新订单', '{\"id\":\"20\",\"sn\":\"2017050417500027413\",\"status\":\"created\",\"title\":\"测试订单\",\"total_price\":\"380.79\",\"meta\":{\"transport_range\":\"30公里以内\",\"transport_price\":\"100\",\"transport_amount\":\"1\",\"rent_price\":\"100\",\"rent_amount\":\"1\",\"product_total_price\":\"2.7\",\"resource_total_price\":\"120\",\"transport_total_price\":\"100\",\"rent_total_price\":\"100\",\"tax_price\":\"32.27\",\"service_price\":\"32.27\"},\"remark\":\"\",\"serve_start_time\":\"1493847960\",\"serve_end_time\":\"1493847960\",\"serve_arrive_time\":\"1493847960\",\"serve_address\":\"奥术大师多\",\"serve_remark\":\"\",\"owner_id\":\"1\",\"salesman_id\":\"2\",\"custom_id\":\"1\",\"creator_id\":\"1\",\"created_time\":\"1493891400\",\"updated_time\":\"1493906403\"}', '', '1493906403', 'info'), ('259', '1', 'Order', 'update', '更新订单', '{\"id\":\"20\",\"sn\":\"2017050417500027413\",\"status\":\"created\",\"title\":\"测试订单\",\"total_price\":\"380.79\",\"meta\":{\"transport_range\":\"30公里以内\",\"transport_price\":\"100\",\"transport_amount\":\"1\",\"rent_price\":\"100\",\"rent_amount\":\"1\",\"product_total_price\":\"2.7\",\"resource_total_price\":\"120\",\"transport_total_price\":\"100\",\"rent_total_price\":\"100\",\"tax_price\":\"32.27\",\"service_price\":\"32.27\"},\"remark\":\"\",\"serve_start_time\":\"1493847960\",\"serve_end_time\":\"1493847960\",\"serve_arrive_time\":\"1493847960\",\"serve_address\":\"奥术大师多\",\"serve_remark\":\"\",\"owner_id\":\"1\",\"salesman_id\":\"2\",\"custom_id\":\"1\",\"creator_id\":\"1\",\"created_time\":\"1493891400\",\"updated_time\":\"1493906452\"}', '', '1493906452', 'info'), ('260', '1', 'Order', 'update', '更新订单', '{\"id\":\"20\",\"sn\":\"2017050417500027413\",\"status\":\"created\",\"title\":\"测试订单\",\"total_price\":\"380.79\",\"meta\":{\"transport_range\":\"30公里以内\",\"transport_price\":\"100\",\"transport_amount\":\"1\",\"rent_price\":\"100\",\"rent_amount\":\"1\",\"product_total_price\":\"2.7\",\"resource_total_price\":\"120\",\"transport_total_price\":\"100\",\"rent_total_price\":\"100\",\"tax_price\":\"32.27\",\"service_price\":\"32.27\"},\"remark\":\"\",\"serve_start_time\":\"1493847960\",\"serve_end_time\":\"1493847960\",\"serve_arrive_time\":\"1493847960\",\"serve_address\":\"奥术大师多\",\"serve_remark\":\"\",\"owner_id\":\"1\",\"salesman_id\":\"2\",\"custom_id\":\"1\",\"creator_id\":\"1\",\"created_time\":\"1493891400\",\"updated_time\":\"1493906493\"}', '', '1493906493', 'info'), ('261', '1', 'Order', 'update', '更新订单', '{\"id\":\"20\",\"sn\":\"2017050417500027413\",\"status\":\"created\",\"title\":\"测试订单\",\"total_price\":\"380.79\",\"meta\":{\"transport_range\":\"30公里以内\",\"transport_price\":\"100\",\"transport_amount\":\"1\",\"rent_price\":\"100\",\"rent_amount\":\"1\",\"product_total_price\":\"2.7\",\"resource_total_price\":\"120\",\"transport_total_price\":\"100\",\"rent_total_price\":\"100\",\"tax_price\":\"25.816\",\"tax_rate\":\"8\",\"service_price\":\"32.27\",\"service_rate\":\"10\"},\"remark\":\"\",\"serve_start_time\":\"1493847960\",\"serve_end_time\":\"1493847960\",\"serve_arrive_time\":\"1493847960\",\"serve_address\":\"奥术大师多\",\"serve_remark\":\"\",\"owner_id\":\"1\",\"salesman_id\":\"2\",\"custom_id\":\"1\",\"creator_id\":\"1\",\"created_time\":\"1493891400\",\"updated_time\":\"1493906552\"}', '', '1493906552', 'info'), ('262', '1', 'Order', 'update', '更新订单', '{\"id\":\"20\",\"sn\":\"2017050417500027413\",\"status\":\"created\",\"title\":\"测试订单\",\"total_price\":\"387.24\",\"meta\":{\"transport_range\":\"30公里以内\",\"transport_price\":\"100\",\"transport_amount\":\"1\",\"rent_price\":\"100\",\"rent_amount\":\"1\",\"product_total_price\":\"2.7\",\"resource_total_price\":\"120\",\"transport_total_price\":\"100\",\"rent_total_price\":\"100\",\"tax_price\":\"32.27\",\"tax_rate\":\"10\",\"service_price\":\"32.27\",\"service_rate\":\"10\"},\"remark\":\"\",\"serve_start_time\":\"1493847960\",\"serve_end_time\":\"1493847960\",\"serve_arrive_time\":\"1493847960\",\"serve_address\":\"奥术大师多\",\"serve_remark\":\"\",\"owner_id\":\"1\",\"salesman_id\":\"2\",\"custom_id\":\"1\",\"creator_id\":\"1\",\"created_time\":\"1493891400\",\"updated_time\":\"1493907164\"}', '', '1493907164', 'info'), ('263', '1', 'user', 'login_success', 'admin登录成功', '', '', '1496075035', 'info'), ('264', '1', 'user', 'login_success', 'admin登录成功', '', '', '1496328855', 'info');
COMMIT;

-- ----------------------------
--  Table structure for `region`
-- ----------------------------
DROP TABLE IF EXISTS `region`;
CREATE TABLE `region` (
  `id` int(10) unsigned NOT NULL AUTO_INCREMENT COMMENT 'ID',
  `name` varchar(255) NOT NULL COMMENT '名称',
  `parent_id` int(10) unsigned NOT NULL DEFAULT '0' COMMENT '上级id',
  `seq` int(10) unsigned NOT NULL DEFAULT '0' COMMENT '排序值',
  `depth` tinyint(1) unsigned NOT NULL DEFAULT '0' COMMENT '层级',
  PRIMARY KEY (`id`)
) ENGINE=InnoDB AUTO_INCREMENT=5 DEFAULT CHARSET=utf8 ROW_FORMAT=DYNAMIC COMMENT='区域表';

-- ----------------------------
--  Records of `region`
-- ----------------------------
BEGIN;
INSERT INTO `region` VALUES ('1', '浙江', '0', '0', '1'), ('2', '杭州', '1', '0', '2'), ('3', '北京', '0', '0', '1'), ('4', '温州', '1', '0', '2');
COMMIT;

-- ----------------------------
--  Table structure for `resource`
-- ----------------------------
DROP TABLE IF EXISTS `resource`;
CREATE TABLE `resource` (
  `id` int(10) unsigned NOT NULL AUTO_INCREMENT COMMENT 'ID',
  `name` varchar(255) NOT NULL COMMENT '资源名称',
  `type` varchar(64) NOT NULL COMMENT '资源类型（执行人员:worker）',
  `model` varchar(64) NOT NULL COMMENT '资源型号（如厨师、服务员）',
  `unit` varchar(64) NOT NULL COMMENT '单位',
  `price` float(10,2) unsigned NOT NULL DEFAULT '0.00' COMMENT '价格',
  `status` varchar(64) NOT NULL COMMENT '状态（free/busy）',
  `owner_id` int(10) unsigned NOT NULL DEFAULT '0' COMMENT '所属用户id',
  `about` text COMMENT '简介',
  PRIMARY KEY (`id`)
) ENGINE=InnoDB AUTO_INCREMENT=2 DEFAULT CHARSET=utf8 ROW_FORMAT=DYNAMIC COMMENT='可调配的通用资源表';

-- ----------------------------
--  Records of `resource`
-- ----------------------------
BEGIN;
INSERT INTO `resource` VALUES ('1', '张三', 'worker', '服务生', '人/场', '120.00', 'free', '1', '');
COMMIT;

-- ----------------------------
--  Table structure for `role`
-- ----------------------------
DROP TABLE IF EXISTS `role`;
CREATE TABLE `role` (
  `id` int(10) unsigned NOT NULL AUTO_INCREMENT COMMENT 'ID',
  `name` varchar(255) NOT NULL COMMENT '角色名称',
  `code` varchar(64) NOT NULL COMMENT '角色编码',
  `access_rules` text COMMENT '访问规则集合',
  `owner_id` int(10) unsigned NOT NULL DEFAULT '0' COMMENT '所属用户id',
  `is_system` tinyint(1) NOT NULL DEFAULT '0' COMMENT '是否系统内置',
  PRIMARY KEY (`id`)
) ENGINE=InnoDB AUTO_INCREMENT=6 DEFAULT CHARSET=utf8 ROW_FORMAT=DYNAMIC COMMENT='角色权限表';

-- ----------------------------
--  Records of `role`
-- ----------------------------
BEGIN;
INSERT INTO `role` VALUES ('1', '经理', 'ROLE_MANAGER', '', '1', '1'), ('2', '销售', 'ROLE_SALESMAN', '', '1', '1'), ('3', '超级管理员', 'ROLE_SUPER_ADMIN', '', '1', '1'), ('4', '加盟商主账号', 'ROLE_ADMIN', '', '1', '1'), ('5', '库存管理员', 'ROLE_KUCUNGUANLIYUAN', '[\"\\/goods\\/group\\/product\",\"\\/goods\\/group\\/facility\",\"\\/stock\",\"\\/goods_set\",\"\\/goods_category\\/group\\/product\"]', '1', '0');
COMMIT;

-- ----------------------------
--  Table structure for `setting`
-- ----------------------------
DROP TABLE IF EXISTS `setting`;
CREATE TABLE `setting` (
  `id` int(10) unsigned NOT NULL AUTO_INCREMENT,
  `name` varchar(255) NOT NULL DEFAULT '',
  `value` longblob,
  `owner_id` int(10) unsigned NOT NULL DEFAULT '0',
  PRIMARY KEY (`id`),
  UNIQUE KEY `name` (`name`,`owner_id`)
) ENGINE=InnoDB AUTO_INCREMENT=3 DEFAULT CHARSET=utf8 ROW_FORMAT=DYNAMIC;

-- ----------------------------
--  Records of `setting`
-- ----------------------------
BEGIN;
INSERT INTO `setting` VALUES ('1', 'order_tax_rate', 0x733a323a223137223b, '1'), ('2', 'order_service_rate', 0x733a323a223130223b, '1');
COMMIT;

-- ----------------------------
--  Table structure for `stock`
-- ----------------------------
DROP TABLE IF EXISTS `stock`;
CREATE TABLE `stock` (
  `id` int(10) unsigned NOT NULL AUTO_INCREMENT COMMENT 'ID',
  `goods_id` int(10) unsigned NOT NULL DEFAULT '0' COMMENT '商品id',
  `name` varchar(255) NOT NULL COMMENT '商品名称',
  `group_code` varchar(64) NOT NULL DEFAULT 'product' COMMENT '商品组别',
  `category_id` int(10) unsigned NOT NULL DEFAULT '0' COMMENT '分类id',
  `provider_id` int(10) unsigned NOT NULL DEFAULT '0' COMMENT '供应商id',
  `amount` int(10) unsigned NOT NULL DEFAULT '0' COMMENT '商品当前库存数据',
  `min_amount` int(10) NOT NULL DEFAULT '0' COMMENT '库存下限预警',
  `is_warning` tinyint(1) NOT NULL DEFAULT '0' COMMENT '是否预警',
  `seq` int(10) unsigned NOT NULL DEFAULT '0' COMMENT '排序值',
  `owner_id` int(10) unsigned NOT NULL DEFAULT '0' COMMENT '所属用户id',
  `is_deleted` tinyint(1) unsigned NOT NULL DEFAULT '0' COMMENT '是否删除',
  `created_time` int(10) unsigned NOT NULL DEFAULT '0' COMMENT '创建时间',
  PRIMARY KEY (`id`)
) ENGINE=InnoDB AUTO_INCREMENT=5 DEFAULT CHARSET=utf8 ROW_FORMAT=DYNAMIC COMMENT='库存表';

-- ----------------------------
--  Records of `stock`
-- ----------------------------
BEGIN;
INSERT INTO `stock` VALUES ('1', '8', '椰奶甜酒冻', 'product', '6', '3', '224', '0', '0', '0', '1', '0', '1491469554'), ('2', '9', '桌子', 'facility', '35', '0', '260', '0', '0', '0', '1', '0', '1491783485'), ('3', '10', '产品2', 'product', '6', '4', '0', '30', '1', '0', '1', '0', '1492357435'), ('4', '12', '啊发顺丰', 'product', '45', '4', '0', '11', '0', '0', '1', '0', '1493878120');
COMMIT;

-- ----------------------------
--  Table structure for `stock_record`
-- ----------------------------
DROP TABLE IF EXISTS `stock_record`;
CREATE TABLE `stock_record` (
  `id` int(10) unsigned NOT NULL AUTO_INCREMENT COMMENT 'ID',
  `goods_id` int(10) unsigned NOT NULL DEFAULT '0' COMMENT '商品id',
  `type` varchar(64) NOT NULL COMMENT '入库:in，出库:out，盘点:check，报损:loss，报溢:gain',
  `old_amount` int(10) unsigned NOT NULL DEFAULT '0' COMMENT '操作前库存',
  `new_amount` int(10) unsigned NOT NULL DEFAULT '0' COMMENT '操作后库存',
  `wave_amount` int(10) NOT NULL DEFAULT '0' COMMENT '操作的库存量',
  `cost_price` float(10,2) unsigned NOT NULL DEFAULT '0.00' COMMENT '本批(入库)价格',
  `remark` varchar(1024) NOT NULL COMMENT '备注',
  `owner_id` int(10) unsigned NOT NULL DEFAULT '0' COMMENT '所属用户id',
  `operator_id` int(10) unsigned NOT NULL DEFAULT '0' COMMENT '操作者用户id',
  `created_time` int(10) unsigned NOT NULL DEFAULT '0' COMMENT '创建时间',
  PRIMARY KEY (`id`)
) ENGINE=InnoDB AUTO_INCREMENT=54 DEFAULT CHARSET=utf8 ROW_FORMAT=DYNAMIC COMMENT='库存记录表（出入库）';

-- ----------------------------
--  Records of `stock_record`
-- ----------------------------
BEGIN;
INSERT INTO `stock_record` VALUES ('2', '8', 'in', '0', '100', '100', '1.20', '啊啊啊', '1', '1', '1491459554'), ('3', '9', 'in', '0', '100', '100', '15.00', '', '1', '1', '1491460044'), ('4', '8', 'in', '100', '200', '100', '1.60', '', '1', '1', '1491460054'), ('5', '8', 'check', '200', '180', '-20', '1.40', '盘点测试', '1', '1', '1491460154'), ('6', '8', 'out', '180', '179', '-1', '1.40', '啊啊啊事实上', '1', '1', '1491460254'), ('7', '8', 'loss', '179', '170', '-9', '1.40', '少时诵诗书', '1', '1', '1491460354'), ('8', '8', 'in', '170', '340', '170', '1.80', '', '1', '1', '1491469044'), ('9', '9', 'in', '100', '200', '100', '20.00', '', '1', '1', '1491469054'), ('10', '8', 'gain', '340', '341', '1', '1.60', '', '1', '1', '1491469154'), ('11', '9', 'gain', '200', '201', '1', '17.50', '', '1', '1', '1491469254'), ('12', '8', 'loss', '341', '340', '-1', '1.60', '', '1', '1', '1491469354'), ('13', '9', 'loss', '201', '200', '-1', '17.50', '', '1', '1', '1491469454'), ('14', '8', 'out', '340', '240', '-100', '1.60', '', '1', '1', '1491469554'), ('15', '9', 'out', '200', '100', '-100', '17.50', '', '1', '1', '1491469654'), ('16', '9', 'in', '100', '114', '14', '17.50', '', '1', '1', '1492928419'), ('17', '10', 'in', '0', '15', '15', '0.00', '', '1', '1', '1492928419'), ('18', '9', 'in', '114', '125', '11', '17.50', '', '1', '1', '1492928462'), ('19', '9', 'in', '125', '125', '0', '17.50', '', '1', '1', '1492928470'), ('20', '9', 'in', '125', '236', '111', '17.50', '', '1', '1', '1492928485'), ('21', '9', 'out', '236', '235', '-1', '17.50', '', '1', '1', '1492928911'), ('22', '10', 'out', '15', '14', '-1', '0.00', '', '1', '1', '1492928911'), ('23', '8', 'out', '240', '239', '-1', '1.60', '', '1', '1', '1492929730'), ('24', '9', 'out', '235', '234', '-1', '17.50', '', '1', '1', '1492929730'), ('25', '10', 'out', '14', '13', '-1', '0.00', '', '1', '1', '1492929730'), ('26', '9', 'in', '234', '235', '1', '17.50', '', '1', '1', '1492929765'), ('27', '9', 'in', '235', '237', '2', '17.50', '', '1', '1', '1492929770'), ('28', '9', 'in', '237', '240', '3', '17.50', '', '1', '1', '1492929774'), ('29', '9', 'in', '240', '244', '4', '17.50', '', '1', '1', '1492929778'), ('30', '9', 'in', '244', '249', '5', '17.50', '', '1', '1', '1492929781'), ('31', '9', 'in', '249', '250', '1', '17.50', '', '1', '1', '1492929786'), ('32', '9', 'in', '250', '251', '1', '17.50', '', '1', '1', '1492929799'), ('33', '9', 'in', '251', '253', '2', '17.50', '', '1', '1', '1492929808'), ('34', '10', 'in', '13', '35', '22', '0.00', '', '1', '1', '1492929808'), ('35', '9', 'in', '253', '260', '7', '17.50', '', '1', '1', '1492934571'), ('36', '10', 'in', '35', '40', '5', '0.00', '', '1', '1', '1492934571'), ('37', '10', 'in', '40', '50', '10', '0.00', '', '1', '1', '1492936269'), ('38', '8', 'in', '239', '254', '15', '1.60', '', '1', '1', '1492936269'), ('39', '10', 'in', '50', '60', '10', '0.00', '来自套餐出入库:套餐1', '1', '1', '1492936389'), ('40', '8', 'in', '254', '269', '15', '1.60', '来自套餐出入库:套餐1', '1', '1', '1492936389'), ('41', '10', 'in', '60', '70', '10', '0.00', '套餐入库 套餐1', '1', '1', '1492936556'), ('42', '8', 'in', '269', '284', '15', '1.60', '套餐入库 套餐1', '1', '1', '1492936556'), ('43', '10', 'out', '70', '40', '-30', '0.00', '套餐出库 套餐1', '1', '1', '1492936587'), ('44', '8', 'out', '284', '239', '-45', '1.60', '套餐出库 套餐1', '1', '1', '1492936587'), ('45', '10', 'out', '40', '25', '-15', '0.00', '', '1', '1', '1492938438'), ('46', '10', 'out', '25', '0', '-25', '0.00', '', '1', '1', '1493311355'), ('47', '10', 'out', '25', '0', '-25', '0.00', '', '1', '1', '1493311363'), ('48', '10', 'out', '25', '0', '-25', '0.00', '', '1', '1', '1493311624'), ('49', '10', 'in', '0', '10', '10', '0.00', '', '1', '1', '1493314487'), ('50', '10', 'out', '10', '10', '0', '0.00', '套餐出库 套餐1', '1', '1', '1493315153'), ('51', '8', 'out', '239', '239', '0', '1.60', '套餐出库 套餐1', '1', '1', '1493315153'), ('52', '10', 'out', '10', '0', '-10', '0.00', '套餐出库 套餐1', '1', '1', '1493315162'), ('53', '8', 'out', '239', '224', '-15', '1.60', '套餐出库 套餐1', '1', '1', '1493315162');
COMMIT;

-- ----------------------------
--  Table structure for `stock_todo`
-- ----------------------------
DROP TABLE IF EXISTS `stock_todo`;
CREATE TABLE `stock_todo` (
  `id` int(10) unsigned NOT NULL AUTO_INCREMENT COMMENT 'ID',
  `target_type` varchar(64) NOT NULL COMMENT '类型可选:"goods/goods_set"',
  `target_id` int(10) unsigned NOT NULL DEFAULT '0' COMMENT 'goods时就是goods_id，goods_set时就是goods_set_id',
  `creator_id` int(10) unsigned NOT NULL DEFAULT '0' COMMENT '当前用户id',
  `created_time` int(10) unsigned NOT NULL DEFAULT '0' COMMENT '创建时间',
  PRIMARY KEY (`id`)
) ENGINE=InnoDB AUTO_INCREMENT=52 DEFAULT CHARSET=utf8 ROW_FORMAT=DYNAMIC COMMENT='待处理列表';

-- ----------------------------
--  Records of `stock_todo`
-- ----------------------------
BEGIN;
INSERT INTO `stock_todo` VALUES ('51', 'goods', '10', '1', '1493859800');
COMMIT;

-- ----------------------------
--  Table structure for `user`
-- ----------------------------
DROP TABLE IF EXISTS `user`;
CREATE TABLE `user` (
  `id` int(10) unsigned NOT NULL AUTO_INCREMENT COMMENT 'ID',
  `nickname` varchar(255) NOT NULL COMMENT '昵称',
  `type` varchar(64) NOT NULL COMMENT '用户类型（供应商:provider，加盟商:alias）',
  `mobile` varchar(255) NOT NULL COMMENT '手机号码',
  `email` varchar(255) NOT NULL COMMENT '邮箱',
  `password` varchar(64) NOT NULL COMMENT '用户密码',
  `salt` varchar(32) NOT NULL COMMENT '密码SALT',
  `small_avatar` varchar(255) NOT NULL DEFAULT '' COMMENT '小头像',
  `medium_avatar` varchar(255) NOT NULL DEFAULT '' COMMENT '中头像',
  `large_avatar` varchar(255) NOT NULL DEFAULT '' COMMENT '大头像',
  `region_id` int(10) unsigned NOT NULL DEFAULT '0' COMMENT '所属区域id',
  `parent_id` int(10) unsigned NOT NULL DEFAULT '0' COMMENT '所属主账号id',
  `about` text COMMENT '简介',
  `company_name` varchar(255) NOT NULL DEFAULT '' COMMENT '企业名称',
  `company_address` varchar(255) NOT NULL DEFAULT '' COMMENT '企业地址',
  `roles` varchar(255) NOT NULL COMMENT '用户角色',
  `locked` tinyint(3) unsigned NOT NULL DEFAULT '0' COMMENT '是否被禁止',
  `new_notification_num` int(10) unsigned NOT NULL DEFAULT '0' COMMENT '未读消息数',
  `created_ip` varchar(64) NOT NULL DEFAULT '' COMMENT '注册IP',
  `created_time` int(10) unsigned NOT NULL DEFAULT '0' COMMENT '注册时间',
  `updated_time` int(10) unsigned NOT NULL DEFAULT '0' COMMENT '最后更新时间',
  `login_time` int(11) NOT NULL DEFAULT '0' COMMENT '最后登录时间',
  `login_ip` varchar(64) NOT NULL DEFAULT '' COMMENT '最后登录IP',
  PRIMARY KEY (`id`)
) ENGINE=InnoDB AUTO_INCREMENT=9 DEFAULT CHARSET=utf8 ROW_FORMAT=DYNAMIC COMMENT='用户表';

-- ----------------------------
--  Records of `user`
-- ----------------------------
BEGIN;
INSERT INTO `user` VALUES ('1', 'admin', 'alias', '13612345678', '', 'skslAmtnkbJ18rGe5qvZSVJTqkVO0IV+Qv5kUL95Xsw=', 'bzsdf6caotssg0kwo4skgkog4kc0c8g', '', '', '', '2', '0', null, 'admin', '', '|ROLE_SUPER_ADMIN|', '0', '0', '', '1493200279', '1496328855', '1496328855', ''), ('2', '默认销售员', 'alias-subuser', '13888888888', 'qq@qq.com', 'oQq+e53LuxQbDxF58Yt+LwQcn+Gtpx11NZ3EG0k2hmg=', 'qz5675wd2pcso04wksccsgc88k0gg8s', '', '', '', '2', '1', null, '默认销售员', '', '|ROLE_SALESMAN|', '0', '0', '', '1493200279', '1493682946', '0', ''), ('3', '九月生活', 'provider', '13899999999', '', '79mobELC9TuBx48rbhK1B11vcvAv3k75qdfJZFDAGnc=', 'cd8pvbn8334kg4s0kg0w8cssg0k4go8', '', '', '', '2', '1', null, '九月生活', '', '|ROLE_USER|', '0', '0', '', '1493200319', '1493200319', '0', ''), ('4', '85度C', 'provider', '13333333333', '', '32uh4ZyKmODPgcmRo/qpdQbqsQmWTXAR6cTt0aG+TjI=', 'rsi6pht55tcoskk0csw84swss844ck4', '', '', '', '2', '1', null, '85度C', '', '|ROLE_USER|', '0', '0', '', '1493200338', '1493200338', '0', ''), ('5', '孙悟空', 'alias-subuser', '057188888888', '', 'BW55qJUiYMF30o8lglDuuU7TTqChPmlzn9tJMIj0feY=', 'pqm1tmlx0s0o4gwkkkock8c44ss88sc', '', '', '', '2', '1', null, '孙悟空', '', '|ROLE_USER|ROLE_KUCUNGUANLIYUAN|', '0', '0', '', '1493879511', '1493879543', '1493879543', ''), ('8', '猪八戒1', 'alias-subuser', '111111', '', 'AdGSy2Lo2Ua2Vs5i0CtNGsYkvw1+0c0VxrIaEskdOtc=', 'kas1uzr35008www0o0kck4c048occks', '', '', '', '2', '1', null, '猪八戒1', '', '|ROLE_KUCUNGUANLIYUAN|ROLE_USER|', '0', '0', '', '1493882628', '1493882651', '1493882651', '');
COMMIT;

SET FOREIGN_KEY_CHECKS = 1;
